inventory_id,Carrier,EstimatedDelivery,ActualDelivery,DeliveryStatus,ProductReturnDate,ReturnReason,RefundAmount,CustomerSupportContact,PromotionApplied,CouponCode,MembershipStatus,ReviewComment,ReviewDate,FollowUpAction
1,UPS,2021-01-12,2021-01-12,On Time,0.0,0.0,0.0,0.0,0.0,0.0,0.0,0.0,0.0,0.0
2,USPS,2021-01-11,2021-01-12,Early,0.0,0.0,0.0,0.0,0.0,0.0,0.0,0.0,0.0,0.0
3,DHL,2021-01-10,2021-01-09,Early,0.0,0.0,0.0,0.0,0.0,0.0,0.0,0.0,0.0,0.0
4,UPS,2021-01-08,2021-01-09,Early,0.0,0.0,0.0,0.0,0.0,0.0,0.0,0.0,0.0,0.0
5,DHL,2021-01-07,2021-01-08,Delayed,0.0,0.0,0.0,0.0,0.0,0.0,0.0,0.0,0.0,0.0
6,FedEx,2021-01-09,2021-01-08,Early,0.0,0.0,0.0,0.0,0.0,0.0,0.0,0.0,0.0,0.0
7,UPS,2021-01-13,2021-01-12,Early,0.0,0.0,0.0,0.0,0.0,0.0,0.0,0.0,0.0,0.0
8,DHL,2021-01-15,2021-01-15,Early,0.0,0.0,0.0,0.0,0.0,0.0,0.0,0.0,0.0,0.0
9,FedEx,2021-01-14,2021-01-15,Early,0.0,0.0,0.0,0.0,0.0,0.0,0.0,0.0,0.0,0.0
10,DHL,2021-01-19,2021-01-18,Early,0.0,0.0,0.0,0.0,0.0,0.0,0.0,0.0,0.0,0.0
11,UPS,2021-01-18,2021-01-17,Delayed,0.0,0.0,0.0,0.0,0.0,0.0,0.0,0.0,0.0,0.0
12,UPS,2021-01-15,2021-01-15,On Time,0.0,0.0,0.0,0.0,0.0,0.0,0.0,0.0,0.0,0.0
13,UPS,2021-01-23,2021-01-22,Delayed,0.0,0.0,0.0,0.0,0.0,0.0,0.0,0.0,0.0,0.0
14,FedEx,2021-01-28,2021-01-26,On Time,0.0,0.0,0.0,0.0,0.0,0.0,0.0,0.0,0.0,0.0
15,USPS,2021-01-26,2021-01-26,Early,0.0,0.0,0.0,0.0,0.0,0.0,0.0,0.0,0.0,0.0
16,UPS,2021-01-26,2021-01-27,Delayed,0.0,0.0,0.0,0.0,0.0,0.0,0.0,0.0,0.0,0.0
17,FedEx,2021-01-29,2021-01-28,Early,0.0,0.0,0.0,0.0,0.0,0.0,0.0,0.0,0.0,0.0
18,FedEx,2021-02-03,2021-02-02,Delayed,0.0,0.0,0.0,0.0,0.0,0.0,0.0,0.0,0.0,0.0
19,UPS,2021-01-26,2021-01-26,Delayed,0.0,0.0,0.0,0.0,0.0,0.0,0.0,0.0,0.0,0.0
20,UPS,2021-02-04,2021-02-04,Early,0.0,0.0,0.0,0.0,0.0,0.0,0.0,0.0,0.0,0.0
21,UPS,2021-02-01,2021-02-01,Early,0.0,0.0,0.0,0.0,0.0,0.0,0.0,0.0,0.0,0.0
22,UPS,2021-02-02,2021-02-01,On Time,0.0,0.0,0.0,0.0,0.0,0.0,0.0,0.0,0.0,0.0
23,USPS,2021-02-04,2021-02-03,Early,0.0,0.0,0.0,0.0,0.0,0.0,0.0,0.0,0.0,0.0
24,USPS,2021-02-01,2021-02-02,On Time,0.0,0.0,0.0,0.0,0.0,0.0,0.0,0.0,0.0,0.0
25,DHL,2021-02-04,2021-02-04,Early,0.0,0.0,0.0,0.0,0.0,0.0,0.0,0.0,0.0,0.0
26,USPS,2021-02-13,2021-02-12,On Time,0.0,0.0,0.0,0.0,0.0,0.0,0.0,0.0,0.0,0.0
27,DHL,2021-02-08,2021-02-09,Delayed,0.0,0.0,0.0,0.0,0.0,0.0,0.0,0.0,0.0,0.0
28,DHL,2021-02-15,2021-02-16,Delayed,0.0,0.0,0.0,0.0,0.0,0.0,0.0,0.0,0.0,0.0
29,FedEx,2021-02-08,2021-02-09,Early,0.0,0.0,0.0,0.0,0.0,0.0,0.0,0.0,0.0,0.0
30,USPS,2021-02-17,2021-02-17,Delayed,0.0,0.0,0.0,0.0,0.0,0.0,0.0,0.0,0.0,0.0
31,USPS,2021-02-12,2021-02-11,Early,0.0,0.0,0.0,0.0,0.0,0.0,0.0,0.0,0.0,0.0
32,USPS,2021-02-16,2021-02-15,Early,0.0,0.0,0.0,0.0,0.0,0.0,0.0,0.0,0.0,0.0
33,FedEx,2021-02-14,2021-02-13,Early,0.0,0.0,0.0,0.0,0.0,0.0,0.0,0.0,0.0,0.0
34,DHL,2021-02-17,2021-02-18,On Time,0.0,0.0,0.0,0.0,0.0,0.0,0.0,0.0,0.0,0.0
35,USPS,2021-02-17,2021-02-17,On Time,0.0,0.0,0.0,0.0,0.0,0.0,0.0,0.0,0.0,0.0
36,UPS,2021-02-24,2021-02-24,Early,0.0,0.0,0.0,0.0,0.0,0.0,0.0,0.0,0.0,0.0
37,FedEx,2021-02-23,2021-02-25,Delayed,0.0,0.0,0.0,0.0,0.0,0.0,0.0,0.0,0.0,0.0
38,FedEx,2021-02-26,2021-02-27,Delayed,0.0,0.0,0.0,0.0,0.0,0.0,0.0,0.0,0.0,0.0
39,FedEx,2021-02-20,2021-02-19,Delayed,0.0,0.0,0.0,0.0,0.0,0.0,0.0,0.0,0.0,0.0
40,FedEx,2021-02-27,2021-02-27,On Time,0.0,0.0,0.0,0.0,0.0,0.0,0.0,0.0,0.0,0.0
41,DHL,2021-03-03,2021-03-02,On Time,0.0,0.0,0.0,0.0,0.0,0.0,0.0,0.0,0.0,0.0
42,DHL,2021-03-02,2021-03-01,On Time,0.0,0.0,0.0,0.0,0.0,0.0,0.0,0.0,0.0,0.0
43,USPS,2021-03-03,2021-03-04,Delayed,0.0,0.0,0.0,0.0,0.0,0.0,0.0,0.0,0.0,0.0
44,USPS,2021-02-25,2021-02-26,Delayed,0.0,0.0,0.0,0.0,0.0,0.0,0.0,0.0,0.0,0.0
45,FedEx,2021-03-06,2021-03-08,Delayed,0.0,0.0,0.0,0.0,0.0,0.0,0.0,0.0,0.0,0.0
46,UPS,2021-03-08,2021-03-07,Delayed,0.0,0.0,0.0,0.0,0.0,0.0,0.0,0.0,0.0,0.0
47,DHL,2021-03-13,2021-03-12,On Time,0.0,0.0,0.0,0.0,0.0,0.0,0.0,0.0,0.0,0.0
48,FedEx,2021-03-09,2021-03-09,Early,0.0,0.0,0.0,0.0,0.0,0.0,0.0,0.0,0.0,0.0
49,DHL,2021-03-11,2021-03-11,Delayed,0.0,0.0,0.0,0.0,0.0,0.0,0.0,0.0,0.0,0.0
50,FedEx,2021-03-13,2021-03-14,Delayed,0.0,0.0,0.0,0.0,0.0,0.0,0.0,0.0,0.0,0.0
51,UPS,2021-03-17,2021-03-16,On Time,0.0,0.0,0.0,0.0,0.0,0.0,0.0,0.0,0.0,0.0
52,FedEx,2021-03-15,2021-03-16,On Time,0.0,0.0,0.0,0.0,0.0,0.0,0.0,0.0,0.0,0.0
53,FedEx,2021-03-24,2021-03-23,Delayed,0.0,0.0,0.0,0.0,0.0,0.0,0.0,0.0,0.0,0.0
54,FedEx,2021-03-24,2021-03-23,Early,0.0,0.0,0.0,0.0,0.0,0.0,0.0,0.0,0.0,0.0
55,UPS,2021-03-26,2021-03-25,On Time,0.0,0.0,0.0,0.0,0.0,0.0,0.0,0.0,0.0,0.0
56,USPS,2021-03-25,2021-03-24,On Time,0.0,0.0,0.0,0.0,0.0,0.0,0.0,0.0,0.0,0.0
57,USPS,2021-04-01,2021-03-30,On Time,0.0,0.0,0.0,0.0,0.0,0.0,0.0,0.0,0.0,0.0
58,USPS,2021-03-28,2021-03-30,On Time,0.0,0.0,0.0,0.0,0.0,0.0,0.0,0.0,0.0,0.0
59,FedEx,2021-04-02,2021-04-01,Delayed,0.0,0.0,0.0,0.0,0.0,0.0,0.0,0.0,0.0,0.0
60,USPS,2021-04-01,2021-03-31,Delayed,0.0,0.0,0.0,0.0,0.0,0.0,0.0,0.0,0.0,0.0
61,FedEx,2021-04-03,2021-04-04,Delayed,0.0,0.0,0.0,0.0,0.0,0.0,0.0,0.0,0.0,0.0
62,DHL,2021-04-10,2021-04-10,Early,0.0,0.0,0.0,0.0,0.0,0.0,0.0,0.0,0.0,0.0
63,FedEx,2021-04-11,2021-04-10,On Time,0.0,0.0,0.0,0.0,0.0,0.0,0.0,0.0,0.0,0.0
64,DHL,2021-04-11,2021-04-13,On Time,0.0,0.0,0.0,0.0,0.0,0.0,0.0,0.0,0.0,0.0
65,FedEx,2021-04-03,2021-04-05,On Time,0.0,0.0,0.0,0.0,0.0,0.0,0.0,0.0,0.0,0.0
66,UPS,2021-04-13,2021-04-13,Delayed,0.0,0.0,0.0,0.0,0.0,0.0,0.0,0.0,0.0,0.0
67,UPS,2021-04-11,2021-04-11,On Time,0.0,0.0,0.0,0.0,0.0,0.0,0.0,0.0,0.0,0.0
68,USPS,2021-04-14,2021-04-13,Delayed,0.0,0.0,0.0,0.0,0.0,0.0,0.0,0.0,0.0,0.0
69,UPS,2021-04-16,2021-04-17,Delayed,0.0,0.0,0.0,0.0,0.0,0.0,0.0,0.0,0.0,0.0
70,FedEx,2021-04-14,2021-04-13,Early,0.0,0.0,0.0,0.0,0.0,0.0,0.0,0.0,0.0,0.0
71,UPS,2021-04-17,2021-04-16,On Time,0.0,0.0,0.0,0.0,0.0,0.0,0.0,0.0,0.0,0.0
72,UPS,2021-04-13,2021-04-14,Delayed,0.0,0.0,0.0,0.0,0.0,0.0,0.0,0.0,0.0,0.0
73,FedEx,2021-04-14,2021-04-14,On Time,0.0,0.0,0.0,0.0,0.0,0.0,0.0,0.0,0.0,0.0
74,USPS,2021-04-19,2021-04-18,Delayed,0.0,0.0,0.0,0.0,0.0,0.0,0.0,0.0,0.0,0.0
75,USPS,2021-04-15,2021-04-15,Delayed,0.0,0.0,0.0,0.0,0.0,0.0,0.0,0.0,0.0,0.0
76,USPS,2021-04-21,2021-04-21,Delayed,0.0,0.0,0.0,0.0,0.0,0.0,0.0,0.0,0.0,0.0
77,DHL,2021-04-22,2021-04-24,Delayed,0.0,0.0,0.0,0.0,0.0,0.0,0.0,0.0,0.0,0.0
78,USPS,2021-04-23,2021-04-25,Early,0.0,0.0,0.0,0.0,0.0,0.0,0.0,0.0,0.0,0.0
79,FedEx,2021-04-25,2021-04-24,On Time,0.0,0.0,0.0,0.0,0.0,0.0,0.0,0.0,0.0,0.0
80,USPS,2021-04-22,2021-04-23,On Time,0.0,0.0,0.0,0.0,0.0,0.0,0.0,0.0,0.0,0.0
81,FedEx,2021-04-25,2021-04-26,Delayed,0.0,0.0,0.0,0.0,0.0,0.0,0.0,0.0,0.0,0.0
82,DHL,2021-04-28,2021-04-29,On Time,0.0,0.0,0.0,0.0,0.0,0.0,0.0,0.0,0.0,0.0
83,UPS,2021-04-24,2021-04-26,On Time,0.0,0.0,0.0,0.0,0.0,0.0,0.0,0.0,0.0,0.0
84,FedEx,2021-04-28,2021-04-29,On Time,0.0,0.0,0.0,0.0,0.0,0.0,0.0,0.0,0.0,0.0
85,DHL,2021-04-30,2021-04-29,Early,0.0,0.0,0.0,0.0,0.0,0.0,0.0,0.0,0.0,0.0
86,DHL,2021-04-26,2021-04-28,Delayed,0.0,0.0,0.0,0.0,0.0,0.0,0.0,0.0,0.0,0.0
87,UPS,2021-04-28,2021-04-30,Early,0.0,0.0,0.0,0.0,0.0,0.0,0.0,0.0,0.0,0.0
88,FedEx,2021-05-05,2021-05-05,On Time,0.0,0.0,0.0,0.0,0.0,0.0,0.0,0.0,0.0,0.0
89,USPS,2021-05-06,2021-05-06,On Time,0.0,0.0,0.0,0.0,0.0,0.0,0.0,0.0,0.0,0.0
90,DHL,2021-05-05,2021-05-05,Early,0.0,0.0,0.0,0.0,0.0,0.0,0.0,0.0,0.0,0.0
91,USPS,2021-05-04,2021-05-06,Delayed,0.0,0.0,0.0,0.0,0.0,0.0,0.0,0.0,0.0,0.0
92,FedEx,2021-05-06,2021-05-05,On Time,0.0,0.0,0.0,0.0,0.0,0.0,0.0,0.0,0.0,0.0
93,FedEx,2021-05-11,2021-05-09,Early,0.0,0.0,0.0,0.0,0.0,0.0,0.0,0.0,0.0,0.0
94,UPS,2021-05-15,2021-05-14,Early,0.0,0.0,0.0,0.0,0.0,0.0,0.0,0.0,0.0,0.0
95,USPS,2021-05-17,2021-05-15,Delayed,0.0,0.0,0.0,0.0,0.0,0.0,0.0,0.0,0.0,0.0
96,FedEx,2021-05-11,2021-05-12,Early,0.0,0.0,0.0,0.0,0.0,0.0,0.0,0.0,0.0,0.0
97,UPS,2021-05-21,2021-05-21,Early,0.0,0.0,0.0,0.0,0.0,0.0,0.0,0.0,0.0,0.0
98,DHL,2021-05-22,2021-05-21,Early,0.0,0.0,0.0,0.0,0.0,0.0,0.0,0.0,0.0,0.0
99,USPS,2021-05-20,2021-05-20,On Time,0.0,0.0,0.0,0.0,0.0,0.0,0.0,0.0,0.0,0.0
100,UPS,2021-05-27,2021-05-26,On Time,0.0,0.0,0.0,0.0,0.0,0.0,0.0,0.0,0.0,0.0
101,UPS,2021-05-25,2021-05-24,Delayed,0.0,0.0,0.0,0.0,0.0,0.0,0.0,0.0,0.0,0.0
102,DHL,2021-05-25,2021-05-23,Early,0.0,0.0,0.0,0.0,0.0,0.0,0.0,0.0,0.0,0.0
103,UPS,2021-05-30,2021-05-30,Early,0.0,0.0,0.0,0.0,0.0,0.0,0.0,0.0,0.0,0.0
104,UPS,2021-05-30,2021-05-29,On Time,0.0,0.0,0.0,0.0,0.0,0.0,0.0,0.0,0.0,0.0
105,DHL,2021-06-03,2021-06-02,On Time,0.0,0.0,0.0,0.0,0.0,0.0,0.0,0.0,0.0,0.0
106,UPS,2021-05-29,2021-05-28,On Time,0.0,0.0,0.0,0.0,0.0,0.0,0.0,0.0,0.0,0.0
107,USPS,2021-06-04,2021-06-04,Delayed,0.0,0.0,0.0,0.0,0.0,0.0,0.0,0.0,0.0,0.0
108,FedEx,2021-06-05,2021-06-04,On Time,0.0,0.0,0.0,0.0,0.0,0.0,0.0,0.0,0.0,0.0
109,UPS,2021-06-07,2021-06-08,Early,0.0,0.0,0.0,0.0,0.0,0.0,0.0,0.0,0.0,0.0
110,UPS,2021-06-05,2021-06-04,Early,0.0,0.0,0.0,0.0,0.0,0.0,0.0,0.0,0.0,0.0
111,FedEx,2021-06-11,2021-06-09,Early,0.0,0.0,0.0,0.0,0.0,0.0,0.0,0.0,0.0,0.0
112,UPS,2021-06-13,2021-06-12,Delayed,0.0,0.0,0.0,0.0,0.0,0.0,0.0,0.0,0.0,0.0
113,DHL,2021-06-08,2021-06-10,Early,0.0,0.0,0.0,0.0,0.0,0.0,0.0,0.0,0.0,0.0
114,USPS,2021-06-09,2021-06-11,Early,0.0,0.0,0.0,0.0,0.0,0.0,0.0,0.0,0.0,0.0
115,DHL,2021-06-08,2021-06-09,Early,0.0,0.0,0.0,0.0,0.0,0.0,0.0,0.0,0.0,0.0
116,FedEx,2021-06-14,2021-06-13,On Time,0.0,0.0,0.0,0.0,0.0,0.0,0.0,0.0,0.0,0.0
117,DHL,2021-06-06,2021-06-07,Early,0.0,0.0,0.0,0.0,0.0,0.0,0.0,0.0,0.0,0.0
118,USPS,2021-06-21,2021-06-20,On Time,0.0,0.0,0.0,0.0,0.0,0.0,0.0,0.0,0.0,0.0
119,UPS,2021-06-18,2021-06-19,On Time,0.0,0.0,0.0,0.0,0.0,0.0,0.0,0.0,0.0,0.0
120,DHL,2021-06-17,2021-06-15,Delayed,0.0,0.0,0.0,0.0,0.0,0.0,0.0,0.0,0.0,0.0
121,UPS,2021-06-23,2021-06-21,Delayed,0.0,0.0,0.0,0.0,0.0,0.0,0.0,0.0,0.0,0.0
122,UPS,2021-06-24,2021-06-25,Early,0.0,0.0,0.0,0.0,0.0,0.0,0.0,0.0,0.0,0.0
123,USPS,2021-06-21,2021-06-20,Delayed,0.0,0.0,0.0,0.0,0.0,0.0,0.0,0.0,0.0,0.0
124,USPS,2021-06-20,2021-06-22,On Time,0.0,0.0,0.0,0.0,0.0,0.0,0.0,0.0,0.0,0.0
125,UPS,2021-06-23,2021-06-22,On Time,0.0,0.0,0.0,0.0,0.0,0.0,0.0,0.0,0.0,0.0
126,USPS,2021-06-28,2021-06-29,Early,0.0,0.0,0.0,0.0,0.0,0.0,0.0,0.0,0.0,0.0
127,UPS,2021-06-27,2021-06-27,Early,0.0,0.0,0.0,0.0,0.0,0.0,0.0,0.0,0.0,0.0
128,UPS,2021-06-29,2021-07-01,Early,0.0,0.0,0.0,0.0,0.0,0.0,0.0,0.0,0.0,0.0
129,DHL,2021-07-01,2021-07-01,On Time,0.0,0.0,0.0,0.0,0.0,0.0,0.0,0.0,0.0,0.0
130,UPS,2021-07-01,2021-07-02,On Time,0.0,0.0,0.0,0.0,0.0,0.0,0.0,0.0,0.0,0.0
131,FedEx,2021-07-03,2021-07-02,Early,0.0,0.0,0.0,0.0,0.0,0.0,0.0,0.0,0.0,0.0
132,USPS,2021-07-04,2021-07-05,Early,0.0,0.0,0.0,0.0,0.0,0.0,0.0,0.0,0.0,0.0
133,FedEx,2021-07-15,2021-07-14,On Time,0.0,0.0,0.0,0.0,0.0,0.0,0.0,0.0,0.0,0.0
134,FedEx,2021-07-09,2021-07-08,Delayed,0.0,0.0,0.0,0.0,0.0,0.0,0.0,0.0,0.0,0.0
135,DHL,2021-07-11,2021-07-12,On Time,0.0,0.0,0.0,0.0,0.0,0.0,0.0,0.0,0.0,0.0
136,FedEx,2021-07-17,2021-07-16,Delayed,0.0,0.0,0.0,0.0,0.0,0.0,0.0,0.0,0.0,0.0
137,USPS,2021-07-19,2021-07-17,Early,0.0,0.0,0.0,0.0,0.0,0.0,0.0,0.0,0.0,0.0
138,UPS,2021-07-20,2021-07-20,On Time,0.0,0.0,0.0,0.0,0.0,0.0,0.0,0.0,0.0,0.0
139,USPS,2021-07-22,2021-07-22,Early,0.0,0.0,0.0,0.0,0.0,0.0,0.0,0.0,0.0,0.0
140,DHL,2021-07-13,2021-07-14,Early,0.0,0.0,0.0,0.0,0.0,0.0,0.0,0.0,0.0,0.0
141,DHL,2021-07-15,2021-07-15,Early,0.0,0.0,0.0,0.0,0.0,0.0,0.0,0.0,0.0,0.0
142,UPS,2021-07-26,2021-07-27,On Time,0.0,0.0,0.0,0.0,0.0,0.0,0.0,0.0,0.0,0.0
143,FedEx,2021-07-27,2021-07-28,On Time,0.0,0.0,0.0,0.0,0.0,0.0,0.0,0.0,0.0,0.0
144,UPS,2021-07-28,2021-07-29,Delayed,0.0,0.0,0.0,0.0,0.0,0.0,0.0,0.0,0.0,0.0
145,FedEx,2021-07-29,2021-07-29,On Time,0.0,0.0,0.0,0.0,0.0,0.0,0.0,0.0,0.0,0.0
146,FedEx,2021-07-31,2021-07-30,Delayed,0.0,0.0,0.0,0.0,0.0,0.0,0.0,0.0,0.0,0.0
147,FedEx,2021-07-31,2021-08-01,Delayed,0.0,0.0,0.0,0.0,0.0,0.0,0.0,0.0,0.0,0.0
148,FedEx,2021-08-01,2021-08-01,On Time,0.0,0.0,0.0,0.0,0.0,0.0,0.0,0.0,0.0,0.0
149,FedEx,2021-08-01,2021-07-31,On Time,0.0,0.0,0.0,0.0,0.0,0.0,0.0,0.0,0.0,0.0
150,UPS,2021-07-30,2021-07-31,Early,0.0,0.0,0.0,0.0,0.0,0.0,0.0,0.0,0.0,0.0
151,DHL,2021-08-10,2021-08-11,Early,0.0,0.0,0.0,0.0,0.0,0.0,0.0,0.0,0.0,0.0
152,DHL,2021-08-12,2021-08-13,On Time,0.0,0.0,0.0,0.0,0.0,0.0,0.0,0.0,0.0,0.0
153,DHL,2021-08-13,2021-08-15,Delayed,0.0,0.0,0.0,0.0,0.0,0.0,0.0,0.0,0.0,0.0
154,UPS,2021-08-15,2021-08-14,On Time,0.0,0.0,0.0,0.0,0.0,0.0,0.0,0.0,0.0,0.0
155,USPS,2021-08-11,2021-08-09,Early,0.0,0.0,0.0,0.0,0.0,0.0,0.0,0.0,0.0,0.0
156,UPS,2021-08-17,2021-08-18,Delayed,0.0,0.0,0.0,0.0,0.0,0.0,0.0,0.0,0.0,0.0
157,DHL,2021-08-20,2021-08-18,Early,0.0,0.0,0.0,0.0,0.0,0.0,0.0,0.0,0.0,0.0
158,USPS,2021-08-23,2021-08-23,On Time,0.0,0.0,0.0,0.0,0.0,0.0,0.0,0.0,0.0,0.0
159,FedEx,2021-08-24,2021-08-23,On Time,0.0,0.0,0.0,0.0,0.0,0.0,0.0,0.0,0.0,0.0
160,DHL,2021-08-26,2021-08-26,On Time,0.0,0.0,0.0,0.0,0.0,0.0,0.0,0.0,0.0,0.0
161,DHL,2021-08-26,2021-08-24,Early,0.0,0.0,0.0,0.0,0.0,0.0,0.0,0.0,0.0,0.0
162,FedEx,2021-08-29,2021-08-27,On Time,0.0,0.0,0.0,0.0,0.0,0.0,0.0,0.0,0.0,0.0
163,USPS,2021-08-24,2021-08-23,On Time,0.0,0.0,0.0,0.0,0.0,0.0,0.0,0.0,0.0,0.0
164,FedEx,2021-08-24,2021-08-25,On Time,0.0,0.0,0.0,0.0,0.0,0.0,0.0,0.0,0.0,0.0
165,FedEx,2021-08-27,2021-08-27,Early,0.0,0.0,0.0,0.0,0.0,0.0,0.0,0.0,0.0,0.0
166,UPS,2021-08-30,2021-08-29,Early,0.0,0.0,0.0,0.0,0.0,0.0,0.0,0.0,0.0,0.0
167,FedEx,2021-08-30,2021-08-30,On Time,0.0,0.0,0.0,0.0,0.0,0.0,0.0,0.0,0.0,0.0
168,DHL,2021-08-30,2021-08-30,Early,0.0,0.0,0.0,0.0,0.0,0.0,0.0,0.0,0.0,0.0
169,DHL,2021-09-04,2021-09-03,Delayed,0.0,0.0,0.0,0.0,0.0,0.0,0.0,0.0,0.0,0.0
170,DHL,2021-09-05,2021-09-06,Delayed,0.0,0.0,0.0,0.0,0.0,0.0,0.0,0.0,0.0,0.0
171,USPS,2021-09-05,2021-09-05,Delayed,0.0,0.0,0.0,0.0,0.0,0.0,0.0,0.0,0.0,0.0
172,DHL,2021-09-11,2021-09-12,Delayed,0.0,0.0,0.0,0.0,0.0,0.0,0.0,0.0,0.0,0.0
173,FedEx,2021-09-11,2021-09-11,On Time,0.0,0.0,0.0,0.0,0.0,0.0,0.0,0.0,0.0,0.0
174,UPS,2021-09-14,2021-09-15,Delayed,0.0,0.0,0.0,0.0,0.0,0.0,0.0,0.0,0.0,0.0
175,DHL,2021-09-11,2021-09-11,On Time,0.0,0.0,0.0,0.0,0.0,0.0,0.0,0.0,0.0,0.0
176,USPS,2021-09-10,2021-09-11,On Time,0.0,0.0,0.0,0.0,0.0,0.0,0.0,0.0,0.0,0.0
177,FedEx,2021-09-15,2021-09-15,Early,0.0,0.0,0.0,0.0,0.0,0.0,0.0,0.0,0.0,0.0
178,FedEx,2021-09-18,2021-09-18,Delayed,0.0,0.0,0.0,0.0,0.0,0.0,0.0,0.0,0.0,0.0
179,USPS,2021-09-22,2021-09-20,On Time,0.0,0.0,0.0,0.0,0.0,0.0,0.0,0.0,0.0,0.0
180,UPS,2021-09-17,2021-09-17,Early,0.0,0.0,0.0,0.0,0.0,0.0,0.0,0.0,0.0,0.0
181,USPS,2021-09-13,2021-09-14,On Time,0.0,0.0,0.0,0.0,0.0,0.0,0.0,0.0,0.0,0.0
182,UPS,2021-09-24,2021-09-26,On Time,0.0,0.0,0.0,0.0,0.0,0.0,0.0,0.0,0.0,0.0
183,USPS,2021-09-22,2021-09-22,Early,0.0,0.0,0.0,0.0,0.0,0.0,0.0,0.0,0.0,0.0
184,FedEx,2021-09-20,2021-09-22,On Time,0.0,0.0,0.0,0.0,0.0,0.0,0.0,0.0,0.0,0.0
185,DHL,2021-09-26,2021-09-26,Early,0.0,0.0,0.0,0.0,0.0,0.0,0.0,0.0,0.0,0.0
186,DHL,2021-09-26,2021-09-28,Delayed,0.0,0.0,0.0,0.0,0.0,0.0,0.0,0.0,0.0,0.0
187,UPS,2021-09-26,2021-09-26,On Time,0.0,0.0,0.0,0.0,0.0,0.0,0.0,0.0,0.0,0.0
188,FedEx,2021-09-26,2021-09-26,On Time,0.0,0.0,0.0,0.0,0.0,0.0,0.0,0.0,0.0,0.0
189,DHL,2021-10-03,2021-10-02,Delayed,0.0,0.0,0.0,0.0,0.0,0.0,0.0,0.0,0.0,0.0
190,USPS,2021-10-01,2021-09-30,On Time,0.0,0.0,0.0,0.0,0.0,0.0,0.0,0.0,0.0,0.0
191,FedEx,2021-10-04,2021-10-06,Early,0.0,0.0,0.0,0.0,0.0,0.0,0.0,0.0,0.0,0.0
192,FedEx,2021-10-08,2021-10-09,Early,0.0,0.0,0.0,0.0,0.0,0.0,0.0,0.0,0.0,0.0
193,DHL,2021-10-09,2021-10-10,Early,0.0,0.0,0.0,0.0,0.0,0.0,0.0,0.0,0.0,0.0
194,USPS,2021-10-07,2021-10-08,On Time,0.0,0.0,0.0,0.0,0.0,0.0,0.0,0.0,0.0,0.0
195,USPS,2021-10-11,2021-10-13,Delayed,0.0,0.0,0.0,0.0,0.0,0.0,0.0,0.0,0.0,0.0
196,DHL,2021-10-14,2021-10-12,On Time,0.0,0.0,0.0,0.0,0.0,0.0,0.0,0.0,0.0,0.0
197,USPS,2021-10-17,2021-10-19,Delayed,0.0,0.0,0.0,0.0,0.0,0.0,0.0,0.0,0.0,0.0
198,DHL,2021-10-21,2021-10-22,Delayed,0.0,0.0,0.0,0.0,0.0,0.0,0.0,0.0,0.0,0.0
199,UPS,2021-10-21,2021-10-20,On Time,0.0,0.0,0.0,0.0,0.0,0.0,0.0,0.0,0.0,0.0
200,UPS,2021-10-27,2021-10-29,Delayed,0.0,0.0,0.0,0.0,0.0,0.0,0.0,0.0,0.0,0.0
201,FedEx,2021-10-28,2021-10-28,On Time,0.0,0.0,0.0,0.0,0.0,0.0,0.0,0.0,0.0,0.0
202,DHL,2021-10-29,2021-10-30,On Time,0.0,0.0,0.0,0.0,0.0,0.0,0.0,0.0,0.0,0.0
203,USPS,2021-11-02,2021-11-04,On Time,0.0,0.0,0.0,0.0,0.0,0.0,0.0,0.0,0.0,0.0
204,USPS,2021-11-06,2021-11-05,On Time,0.0,0.0,0.0,0.0,0.0,0.0,0.0,0.0,0.0,0.0
205,DHL,2021-11-06,2021-11-05,Early,0.0,0.0,0.0,0.0,0.0,0.0,0.0,0.0,0.0,0.0
206,FedEx,2021-11-16,2021-11-17,On Time,0.0,0.0,0.0,0.0,0.0,0.0,0.0,0.0,0.0,0.0
207,DHL,2021-11-19,2021-11-21,Early,0.0,0.0,0.0,0.0,0.0,0.0,0.0,0.0,0.0,0.0
208,USPS,2021-11-18,2021-11-17,On Time,0.0,0.0,0.0,0.0,0.0,0.0,0.0,0.0,0.0,0.0
209,DHL,2021-11-23,2021-11-23,Delayed,0.0,0.0,0.0,0.0,0.0,0.0,0.0,0.0,0.0,0.0
210,USPS,2021-11-22,2021-11-20,Early,0.0,0.0,0.0,0.0,0.0,0.0,0.0,0.0,0.0,0.0
211,USPS,2021-11-26,2021-11-25,On Time,0.0,0.0,0.0,0.0,0.0,0.0,0.0,0.0,0.0,0.0
212,DHL,2021-11-26,2021-11-28,On Time,0.0,0.0,0.0,0.0,0.0,0.0,0.0,0.0,0.0,0.0
213,UPS,2021-12-10,2021-12-10,Delayed,0.0,0.0,0.0,0.0,0.0,0.0,0.0,0.0,0.0,0.0
214,USPS,2021-12-12,2021-12-11,Delayed,0.0,0.0,0.0,0.0,0.0,0.0,0.0,0.0,0.0,0.0
215,USPS,2021-12-11,2021-12-11,On Time,0.0,0.0,0.0,0.0,0.0,0.0,0.0,0.0,0.0,0.0
216,FedEx,2021-12-14,2021-12-14,Delayed,0.0,0.0,0.0,0.0,0.0,0.0,0.0,0.0,0.0,0.0
217,USPS,2021-12-11,2021-12-13,Delayed,0.0,0.0,0.0,0.0,0.0,0.0,0.0,0.0,0.0,0.0
218,DHL,2021-12-11,2021-12-09,Early,0.0,0.0,0.0,0.0,0.0,0.0,0.0,0.0,0.0,0.0
219,UPS,2021-12-14,2021-12-15,Delayed,0.0,0.0,0.0,0.0,0.0,0.0,0.0,0.0,0.0,0.0
220,UPS,2021-12-18,2021-12-18,Early,0.0,0.0,0.0,0.0,0.0,0.0,0.0,0.0,0.0,0.0
221,FedEx,2021-12-23,2021-12-25,On Time,0.0,0.0,0.0,0.0,0.0,0.0,0.0,0.0,0.0,0.0
222,DHL,2021-12-15,2021-12-15,Early,0.0,0.0,0.0,0.0,0.0,0.0,0.0,0.0,0.0,0.0
223,USPS,2021-12-18,2021-12-16,Delayed,0.0,0.0,0.0,0.0,0.0,0.0,0.0,0.0,0.0,0.0
224,UPS,2021-12-23,2021-12-24,Early,0.0,0.0,0.0,0.0,0.0,0.0,0.0,0.0,0.0,0.0
225,USPS,2021-12-22,2021-12-23,Delayed,0.0,0.0,0.0,0.0,0.0,0.0,0.0,0.0,0.0,0.0
226,UPS,2022-01-02,2021-12-31,Early,0.0,0.0,0.0,0.0,0.0,0.0,0.0,0.0,0.0,0.0
227,FedEx,2022-01-04,2022-01-05,Early,0.0,0.0,0.0,0.0,0.0,0.0,0.0,0.0,0.0,0.0
228,UPS,2022-01-03,2022-01-03,On Time,0.0,0.0,0.0,0.0,0.0,0.0,0.0,0.0,0.0,0.0
229,USPS,2022-01-06,2022-01-07,Delayed,0.0,0.0,0.0,0.0,0.0,0.0,0.0,0.0,0.0,0.0
230,DHL,2022-01-11,2022-01-09,Early,0.0,0.0,0.0,0.0,0.0,0.0,0.0,0.0,0.0,0.0
231,UPS,2022-01-11,2022-01-10,Early,0.0,0.0,0.0,0.0,0.0,0.0,0.0,0.0,0.0,0.0
232,UPS,2022-01-14,2022-01-14,Delayed,0.0,0.0,0.0,0.0,0.0,0.0,0.0,0.0,0.0,0.0
233,DHL,2022-01-20,2022-01-19,Early,0.0,0.0,0.0,0.0,0.0,0.0,0.0,0.0,0.0,0.0
234,USPS,2022-01-20,2022-01-20,On Time,0.0,0.0,0.0,0.0,0.0,0.0,0.0,0.0,0.0,0.0
235,UPS,2022-01-26,2022-01-25,Delayed,0.0,0.0,0.0,0.0,0.0,0.0,0.0,0.0,0.0,0.0
236,FedEx,2022-01-24,2022-01-26,On Time,0.0,0.0,0.0,0.0,0.0,0.0,0.0,0.0,0.0,0.0
237,USPS,2022-01-25,2022-01-25,Delayed,0.0,0.0,0.0,0.0,0.0,0.0,0.0,0.0,0.0,0.0
238,UPS,2022-01-28,2022-01-27,On Time,0.0,0.0,0.0,0.0,0.0,0.0,0.0,0.0,0.0,0.0
239,FedEx,2022-01-30,2022-01-31,Delayed,0.0,0.0,0.0,0.0,0.0,0.0,0.0,0.0,0.0,0.0
240,FedEx,2022-01-31,2022-01-31,Early,0.0,0.0,0.0,0.0,0.0,0.0,0.0,0.0,0.0,0.0
241,DHL,2022-02-02,2022-02-01,Delayed,0.0,0.0,0.0,0.0,0.0,0.0,0.0,0.0,0.0,0.0
242,USPS,2022-02-04,2022-02-02,Early,0.0,0.0,0.0,0.0,0.0,0.0,0.0,0.0,0.0,0.0
243,FedEx,2022-02-02,2022-02-02,On Time,0.0,0.0,0.0,0.0,0.0,0.0,0.0,0.0,0.0,0.0
244,UPS,2022-02-05,2022-02-04,Early,0.0,0.0,0.0,0.0,0.0,0.0,0.0,0.0,0.0,0.0
245,USPS,2022-02-03,2022-02-02,On Time,0.0,0.0,0.0,0.0,0.0,0.0,0.0,0.0,0.0,0.0
246,DHL,2022-02-12,2022-02-11,Early,0.0,0.0,0.0,0.0,0.0,0.0,0.0,0.0,0.0,0.0
247,FedEx,2022-02-04,2022-02-05,On Time,0.0,0.0,0.0,0.0,0.0,0.0,0.0,0.0,0.0,0.0
248,FedEx,2022-02-05,2022-02-06,Delayed,0.0,0.0,0.0,0.0,0.0,0.0,0.0,0.0,0.0,0.0
249,FedEx,2022-02-09,2022-02-08,Delayed,0.0,0.0,0.0,0.0,0.0,0.0,0.0,0.0,0.0,0.0
250,UPS,2022-02-12,2022-02-10,Early,0.0,0.0,0.0,0.0,0.0,0.0,0.0,0.0,0.0,0.0
251,USPS,2022-02-12,2022-02-13,Delayed,0.0,0.0,0.0,0.0,0.0,0.0,0.0,0.0,0.0,0.0
252,UPS,2022-02-07,2022-02-07,Early,0.0,0.0,0.0,0.0,0.0,0.0,0.0,0.0,0.0,0.0
253,FedEx,2022-02-14,2022-02-13,On Time,0.0,0.0,0.0,0.0,0.0,0.0,0.0,0.0,0.0,0.0
254,DHL,2022-02-18,2022-02-16,On Time,0.0,0.0,0.0,0.0,0.0,0.0,0.0,0.0,0.0,0.0
255,UPS,2022-02-08,2022-02-10,Delayed,0.0,0.0,0.0,0.0,0.0,0.0,0.0,0.0,0.0,0.0
256,DHL,2022-02-11,2022-02-12,Delayed,0.0,0.0,0.0,0.0,0.0,0.0,0.0,0.0,0.0,0.0
257,UPS,2022-02-13,2022-02-13,Early,0.0,0.0,0.0,0.0,0.0,0.0,0.0,0.0,0.0,0.0
258,DHL,2022-02-12,2022-02-10,Early,0.0,0.0,0.0,0.0,0.0,0.0,0.0,0.0,0.0,0.0
259,DHL,2022-02-12,2022-02-12,On Time,0.0,0.0,0.0,0.0,0.0,0.0,0.0,0.0,0.0,0.0
260,FedEx,2022-02-17,2022-02-16,On Time,0.0,0.0,0.0,0.0,0.0,0.0,0.0,0.0,0.0,0.0
261,FedEx,2022-02-15,2022-02-16,Early,0.0,0.0,0.0,0.0,0.0,0.0,0.0,0.0,0.0,0.0
262,USPS,2022-02-23,2022-02-21,Delayed,0.0,0.0,0.0,0.0,0.0,0.0,0.0,0.0,0.0,0.0
263,FedEx,2022-02-24,2022-02-26,Delayed,0.0,0.0,0.0,0.0,0.0,0.0,0.0,0.0,0.0,0.0
264,USPS,2022-02-28,2022-03-01,Early,0.0,0.0,0.0,0.0,0.0,0.0,0.0,0.0,0.0,0.0
265,FedEx,2022-03-03,2022-03-04,Early,0.0,0.0,0.0,0.0,0.0,0.0,0.0,0.0,0.0,0.0
266,DHL,2022-03-10,2022-03-10,Delayed,0.0,0.0,0.0,0.0,0.0,0.0,0.0,0.0,0.0,0.0
267,USPS,2022-03-16,2022-03-18,Delayed,0.0,0.0,0.0,0.0,0.0,0.0,0.0,0.0,0.0,0.0
268,FedEx,2022-03-21,2022-03-20,Delayed,0.0,0.0,0.0,0.0,0.0,0.0,0.0,0.0,0.0,0.0
269,UPS,2022-03-22,2022-03-22,Delayed,0.0,0.0,0.0,0.0,0.0,0.0,0.0,0.0,0.0,0.0
270,FedEx,2022-03-20,2022-03-19,Early,0.0,0.0,0.0,0.0,0.0,0.0,0.0,0.0,0.0,0.0
271,FedEx,2022-03-22,2022-03-23,On Time,0.0,0.0,0.0,0.0,0.0,0.0,0.0,0.0,0.0,0.0
272,UPS,2022-03-25,2022-03-25,Delayed,0.0,0.0,0.0,0.0,0.0,0.0,0.0,0.0,0.0,0.0
273,FedEx,2022-03-26,2022-03-27,On Time,0.0,0.0,0.0,0.0,0.0,0.0,0.0,0.0,0.0,0.0
274,USPS,2022-03-30,2022-03-30,On Time,0.0,0.0,0.0,0.0,0.0,0.0,0.0,0.0,0.0,0.0
275,FedEx,2022-03-25,2022-03-24,Delayed,0.0,0.0,0.0,0.0,0.0,0.0,0.0,0.0,0.0,0.0
276,FedEx,2022-03-30,2022-03-29,Early,0.0,0.0,0.0,0.0,0.0,0.0,0.0,0.0,0.0,0.0
277,UPS,2022-04-02,2022-04-01,On Time,0.0,0.0,0.0,0.0,0.0,0.0,0.0,0.0,0.0,0.0
278,UPS,2022-04-06,2022-04-07,On Time,0.0,0.0,0.0,0.0,0.0,0.0,0.0,0.0,0.0,0.0
279,FedEx,2022-03-30,2022-03-31,Early,0.0,0.0,0.0,0.0,0.0,0.0,0.0,0.0,0.0,0.0
280,UPS,2022-04-06,2022-04-05,Delayed,0.0,0.0,0.0,0.0,0.0,0.0,0.0,0.0,0.0,0.0
281,DHL,2022-04-11,2022-04-10,Delayed,0.0,0.0,0.0,0.0,0.0,0.0,0.0,0.0,0.0,0.0
282,UPS,2022-04-08,2022-04-10,Early,0.0,0.0,0.0,0.0,0.0,0.0,0.0,0.0,0.0,0.0
283,USPS,2022-04-09,2022-04-08,Early,0.0,0.0,0.0,0.0,0.0,0.0,0.0,0.0,0.0,0.0
284,FedEx,2022-04-08,2022-04-09,On Time,0.0,0.0,0.0,0.0,0.0,0.0,0.0,0.0,0.0,0.0
285,UPS,2022-04-12,2022-04-12,Delayed,0.0,0.0,0.0,0.0,0.0,0.0,0.0,0.0,0.0,0.0
286,FedEx,2022-04-10,2022-04-09,Delayed,0.0,0.0,0.0,0.0,0.0,0.0,0.0,0.0,0.0,0.0
287,USPS,2022-04-13,2022-04-12,Early,0.0,0.0,0.0,0.0,0.0,0.0,0.0,0.0,0.0,0.0
288,DHL,2022-04-16,2022-04-15,Early,0.0,0.0,0.0,0.0,0.0,0.0,0.0,0.0,0.0,0.0
289,FedEx,2022-04-16,2022-04-15,Delayed,0.0,0.0,0.0,0.0,0.0,0.0,0.0,0.0,0.0,0.0
290,UPS,2022-04-16,2022-04-15,Delayed,0.0,0.0,0.0,0.0,0.0,0.0,0.0,0.0,0.0,0.0
291,DHL,2022-04-19,2022-04-21,On Time,0.0,0.0,0.0,0.0,0.0,0.0,0.0,0.0,0.0,0.0
292,FedEx,2022-04-18,2022-04-19,On Time,0.0,0.0,0.0,0.0,0.0,0.0,0.0,0.0,0.0,0.0
293,FedEx,2022-04-23,2022-04-24,On Time,0.0,0.0,0.0,0.0,0.0,0.0,0.0,0.0,0.0,0.0
294,DHL,2022-04-24,2022-04-22,Delayed,0.0,0.0,0.0,0.0,0.0,0.0,0.0,0.0,0.0,0.0
295,FedEx,2022-04-23,2022-04-22,Delayed,0.0,0.0,0.0,0.0,0.0,0.0,0.0,0.0,0.0,0.0
296,DHL,2022-05-01,2022-04-29,Delayed,0.0,0.0,0.0,0.0,0.0,0.0,0.0,0.0,0.0,0.0
297,DHL,2022-04-29,2022-04-29,Delayed,0.0,0.0,0.0,0.0,0.0,0.0,0.0,0.0,0.0,0.0
298,UPS,2022-05-01,2022-05-01,Delayed,0.0,0.0,0.0,0.0,0.0,0.0,0.0,0.0,0.0,0.0
299,FedEx,2022-04-27,2022-04-29,Early,0.0,0.0,0.0,0.0,0.0,0.0,0.0,0.0,0.0,0.0
300,DHL,2022-04-25,2022-04-26,On Time,0.0,0.0,0.0,0.0,0.0,0.0,0.0,0.0,0.0,0.0
301,DHL,2022-04-25,2022-04-25,Delayed,0.0,0.0,0.0,0.0,0.0,0.0,0.0,0.0,0.0,0.0
302,UPS,2022-04-30,2022-04-29,Early,0.0,0.0,0.0,0.0,0.0,0.0,0.0,0.0,0.0,0.0
303,DHL,2022-05-07,2022-05-05,On Time,0.0,0.0,0.0,0.0,0.0,0.0,0.0,0.0,0.0,0.0
304,UPS,2022-05-09,2022-05-10,Early,0.0,0.0,0.0,0.0,0.0,0.0,0.0,0.0,0.0,0.0
305,DHL,2022-05-07,2022-05-06,Delayed,0.0,0.0,0.0,0.0,0.0,0.0,0.0,0.0,0.0,0.0
306,FedEx,2022-05-08,2022-05-09,Early,0.0,0.0,0.0,0.0,0.0,0.0,0.0,0.0,0.0,0.0
307,FedEx,2022-05-14,2022-05-14,Early,0.0,0.0,0.0,0.0,0.0,0.0,0.0,0.0,0.0,0.0
308,FedEx,2022-05-14,2022-05-13,Early,0.0,0.0,0.0,0.0,0.0,0.0,0.0,0.0,0.0,0.0
309,UPS,2022-05-13,2022-05-12,On Time,0.0,0.0,0.0,0.0,0.0,0.0,0.0,0.0,0.0,0.0
310,FedEx,2022-05-16,2022-05-15,Early,0.0,0.0,0.0,0.0,0.0,0.0,0.0,0.0,0.0,0.0
311,UPS,2022-05-24,2022-05-23,On Time,0.0,0.0,0.0,0.0,0.0,0.0,0.0,0.0,0.0,0.0
312,USPS,2022-05-15,2022-05-17,Delayed,0.0,0.0,0.0,0.0,0.0,0.0,0.0,0.0,0.0,0.0
313,UPS,2022-05-15,2022-05-17,Delayed,0.0,0.0,0.0,0.0,0.0,0.0,0.0,0.0,0.0,0.0
314,USPS,2022-05-24,2022-05-24,On Time,0.0,0.0,0.0,0.0,0.0,0.0,0.0,0.0,0.0,0.0
315,UPS,2022-05-23,2022-05-24,Delayed,0.0,0.0,0.0,0.0,0.0,0.0,0.0,0.0,0.0,0.0
316,DHL,2022-05-29,2022-05-27,On Time,0.0,0.0,0.0,0.0,0.0,0.0,0.0,0.0,0.0,0.0
317,UPS,2022-05-28,2022-05-28,On Time,0.0,0.0,0.0,0.0,0.0,0.0,0.0,0.0,0.0,0.0
318,DHL,2022-05-23,2022-05-22,Early,0.0,0.0,0.0,0.0,0.0,0.0,0.0,0.0,0.0,0.0
319,UPS,2022-05-25,2022-05-24,On Time,0.0,0.0,0.0,0.0,0.0,0.0,0.0,0.0,0.0,0.0
320,UPS,2022-05-31,2022-05-31,Delayed,0.0,0.0,0.0,0.0,0.0,0.0,0.0,0.0,0.0,0.0
321,USPS,2022-06-01,2022-06-02,On Time,0.0,0.0,0.0,0.0,0.0,0.0,0.0,0.0,0.0,0.0
322,USPS,2022-06-05,2022-06-07,On Time,0.0,0.0,0.0,0.0,0.0,0.0,0.0,0.0,0.0,0.0
323,DHL,2022-05-28,2022-05-29,On Time,0.0,0.0,0.0,0.0,0.0,0.0,0.0,0.0,0.0,0.0
324,DHL,2022-06-04,2022-06-04,Early,0.0,0.0,0.0,0.0,0.0,0.0,0.0,0.0,0.0,0.0
325,FedEx,2022-06-10,2022-06-08,On Time,0.0,0.0,0.0,0.0,0.0,0.0,0.0,0.0,0.0,0.0
326,FedEx,2022-06-01,2022-06-01,Delayed,0.0,0.0,0.0,0.0,0.0,0.0,0.0,0.0,0.0,0.0
327,USPS,2022-06-01,2022-06-03,Early,0.0,0.0,0.0,0.0,0.0,0.0,0.0,0.0,0.0,0.0
328,DHL,2022-06-05,2022-06-07,Delayed,0.0,0.0,0.0,0.0,0.0,0.0,0.0,0.0,0.0,0.0
329,FedEx,2022-06-11,2022-06-11,Early,0.0,0.0,0.0,0.0,0.0,0.0,0.0,0.0,0.0,0.0
330,DHL,2022-06-07,2022-06-08,Early,0.0,0.0,0.0,0.0,0.0,0.0,0.0,0.0,0.0,0.0
331,USPS,2022-06-12,2022-06-12,Delayed,0.0,0.0,0.0,0.0,0.0,0.0,0.0,0.0,0.0,0.0
332,DHL,2022-06-08,2022-06-09,Delayed,0.0,0.0,0.0,0.0,0.0,0.0,0.0,0.0,0.0,0.0
333,USPS,2022-06-11,2022-06-13,Early,0.0,0.0,0.0,0.0,0.0,0.0,0.0,0.0,0.0,0.0
334,FedEx,2022-06-13,2022-06-13,Early,0.0,0.0,0.0,0.0,0.0,0.0,0.0,0.0,0.0,0.0
335,DHL,2022-06-14,2022-06-15,Delayed,0.0,0.0,0.0,0.0,0.0,0.0,0.0,0.0,0.0,0.0
336,DHL,2022-06-16,2022-06-18,Early,0.0,0.0,0.0,0.0,0.0,0.0,0.0,0.0,0.0,0.0
337,FedEx,2022-06-16,2022-06-17,Early,0.0,0.0,0.0,0.0,0.0,0.0,0.0,0.0,0.0,0.0
338,UPS,2022-06-23,2022-06-22,Early,0.0,0.0,0.0,0.0,0.0,0.0,0.0,0.0,0.0,0.0
339,UPS,2022-06-25,2022-06-25,Early,0.0,0.0,0.0,0.0,0.0,0.0,0.0,0.0,0.0,0.0
340,USPS,2022-06-29,2022-06-30,Early,0.0,0.0,0.0,0.0,0.0,0.0,0.0,0.0,0.0,0.0
341,DHL,2022-06-26,2022-06-27,On Time,0.0,0.0,0.0,0.0,0.0,0.0,0.0,0.0,0.0,0.0
342,FedEx,2022-06-27,2022-06-28,On Time,0.0,0.0,0.0,0.0,0.0,0.0,0.0,0.0,0.0,0.0
343,USPS,2022-07-03,2022-07-03,Early,0.0,0.0,0.0,0.0,0.0,0.0,0.0,0.0,0.0,0.0
344,FedEx,2022-06-27,2022-06-29,On Time,0.0,0.0,0.0,0.0,0.0,0.0,0.0,0.0,0.0,0.0
345,UPS,2022-07-03,2022-07-04,Early,0.0,0.0,0.0,0.0,0.0,0.0,0.0,0.0,0.0,0.0
346,DHL,2022-07-07,2022-07-07,Early,0.0,0.0,0.0,0.0,0.0,0.0,0.0,0.0,0.0,0.0
347,USPS,2022-07-01,2022-07-03,Early,0.0,0.0,0.0,0.0,0.0,0.0,0.0,0.0,0.0,0.0
348,UPS,2022-07-10,2022-07-09,On Time,0.0,0.0,0.0,0.0,0.0,0.0,0.0,0.0,0.0,0.0
349,UPS,2022-07-06,2022-07-05,Early,0.0,0.0,0.0,0.0,0.0,0.0,0.0,0.0,0.0,0.0
350,DHL,2022-07-09,2022-07-10,On Time,0.0,0.0,0.0,0.0,0.0,0.0,0.0,0.0,0.0,0.0
351,DHL,2022-07-15,2022-07-15,Early,0.0,0.0,0.0,0.0,0.0,0.0,0.0,0.0,0.0,0.0
352,DHL,2022-07-20,2022-07-20,On Time,0.0,0.0,0.0,0.0,0.0,0.0,0.0,0.0,0.0,0.0
353,DHL,2022-07-20,2022-07-21,On Time,0.0,0.0,0.0,0.0,0.0,0.0,0.0,0.0,0.0,0.0
354,USPS,2022-07-20,2022-07-21,Delayed,0.0,0.0,0.0,0.0,0.0,0.0,0.0,0.0,0.0,0.0
355,DHL,2022-07-25,2022-07-25,Early,0.0,0.0,0.0,0.0,0.0,0.0,0.0,0.0,0.0,0.0
356,USPS,2022-07-27,2022-07-29,On Time,0.0,0.0,0.0,0.0,0.0,0.0,0.0,0.0,0.0,0.0
357,DHL,2022-07-24,2022-07-22,Delayed,0.0,0.0,0.0,0.0,0.0,0.0,0.0,0.0,0.0,0.0
358,USPS,2022-07-24,2022-07-23,Early,0.0,0.0,0.0,0.0,0.0,0.0,0.0,0.0,0.0,0.0
359,USPS,2022-07-28,2022-07-27,On Time,0.0,0.0,0.0,0.0,0.0,0.0,0.0,0.0,0.0,0.0
360,DHL,2022-07-27,2022-07-28,Delayed,0.0,0.0,0.0,0.0,0.0,0.0,0.0,0.0,0.0,0.0
361,FedEx,2022-07-29,2022-07-28,Delayed,0.0,0.0,0.0,0.0,0.0,0.0,0.0,0.0,0.0,0.0
362,USPS,2022-07-30,2022-07-31,Delayed,0.0,0.0,0.0,0.0,0.0,0.0,0.0,0.0,0.0,0.0
363,USPS,2022-08-01,2022-08-02,On Time,0.0,0.0,0.0,0.0,0.0,0.0,0.0,0.0,0.0,0.0
364,FedEx,2022-07-31,2022-07-30,Early,0.0,0.0,0.0,0.0,0.0,0.0,0.0,0.0,0.0,0.0
365,USPS,2022-08-05,2022-08-04,Early,0.0,0.0,0.0,0.0,0.0,0.0,0.0,0.0,0.0,0.0
366,UPS,2022-08-09,2022-08-08,Delayed,0.0,0.0,0.0,0.0,0.0,0.0,0.0,0.0,0.0,0.0
367,UPS,2022-08-11,2022-08-09,Early,0.0,0.0,0.0,0.0,0.0,0.0,0.0,0.0,0.0,0.0
368,FedEx,2022-08-12,2022-08-12,Delayed,0.0,0.0,0.0,0.0,0.0,0.0,0.0,0.0,0.0,0.0
369,FedEx,2022-08-11,2022-08-13,On Time,0.0,0.0,0.0,0.0,0.0,0.0,0.0,0.0,0.0,0.0
370,DHL,2022-08-16,2022-08-14,On Time,0.0,0.0,0.0,0.0,0.0,0.0,0.0,0.0,0.0,0.0
371,USPS,2022-08-17,2022-08-15,Early,0.0,0.0,0.0,0.0,0.0,0.0,0.0,0.0,0.0,0.0
372,UPS,2022-08-21,2022-08-21,Delayed,0.0,0.0,0.0,0.0,0.0,0.0,0.0,0.0,0.0,0.0
373,FedEx,2022-08-21,2022-08-23,On Time,0.0,0.0,0.0,0.0,0.0,0.0,0.0,0.0,0.0,0.0
374,DHL,2022-08-26,2022-08-27,Early,0.0,0.0,0.0,0.0,0.0,0.0,0.0,0.0,0.0,0.0
375,FedEx,2022-08-30,2022-09-01,Delayed,0.0,0.0,0.0,0.0,0.0,0.0,0.0,0.0,0.0,0.0
376,UPS,2022-09-01,2022-09-02,On Time,0.0,0.0,0.0,0.0,0.0,0.0,0.0,0.0,0.0,0.0
377,FedEx,2022-09-08,2022-09-07,Early,0.0,0.0,0.0,0.0,0.0,0.0,0.0,0.0,0.0,0.0
378,FedEx,2022-09-11,2022-09-10,Delayed,0.0,0.0,0.0,0.0,0.0,0.0,0.0,0.0,0.0,0.0
379,USPS,2022-09-13,2022-09-12,Delayed,0.0,0.0,0.0,0.0,0.0,0.0,0.0,0.0,0.0,0.0
380,UPS,2022-09-13,2022-09-11,On Time,0.0,0.0,0.0,0.0,0.0,0.0,0.0,0.0,0.0,0.0
381,USPS,2022-09-10,2022-09-09,Early,0.0,0.0,0.0,0.0,0.0,0.0,0.0,0.0,0.0,0.0
382,FedEx,2022-09-07,2022-09-09,Early,0.0,0.0,0.0,0.0,0.0,0.0,0.0,0.0,0.0,0.0
383,UPS,2022-09-17,2022-09-18,Delayed,0.0,0.0,0.0,0.0,0.0,0.0,0.0,0.0,0.0,0.0
384,DHL,2022-09-21,2022-09-21,On Time,0.0,0.0,0.0,0.0,0.0,0.0,0.0,0.0,0.0,0.0
385,USPS,2022-09-24,2022-09-24,On Time,0.0,0.0,0.0,0.0,0.0,0.0,0.0,0.0,0.0,0.0
386,USPS,2022-09-20,2022-09-22,Early,0.0,0.0,0.0,0.0,0.0,0.0,0.0,0.0,0.0,0.0
387,DHL,2022-09-19,2022-09-20,Delayed,0.0,0.0,0.0,0.0,0.0,0.0,0.0,0.0,0.0,0.0
388,FedEx,2022-09-27,2022-09-26,Early,0.0,0.0,0.0,0.0,0.0,0.0,0.0,0.0,0.0,0.0
389,DHL,2022-09-26,2022-09-26,Early,0.0,0.0,0.0,0.0,0.0,0.0,0.0,0.0,0.0,0.0
390,UPS,2022-09-25,2022-09-27,Delayed,0.0,0.0,0.0,0.0,0.0,0.0,0.0,0.0,0.0,0.0
391,USPS,2022-10-01,2022-09-29,On Time,0.0,0.0,0.0,0.0,0.0,0.0,0.0,0.0,0.0,0.0
392,UPS,2022-10-01,2022-10-02,Early,0.0,0.0,0.0,0.0,0.0,0.0,0.0,0.0,0.0,0.0
393,FedEx,2022-10-04,2022-10-04,Delayed,0.0,0.0,0.0,0.0,0.0,0.0,0.0,0.0,0.0,0.0
394,DHL,2022-10-06,2022-10-06,On Time,0.0,0.0,0.0,0.0,0.0,0.0,0.0,0.0,0.0,0.0
395,UPS,2022-10-07,2022-10-06,Delayed,0.0,0.0,0.0,0.0,0.0,0.0,0.0,0.0,0.0,0.0
396,USPS,2022-10-03,2022-10-03,Delayed,0.0,0.0,0.0,0.0,0.0,0.0,0.0,0.0,0.0,0.0
397,UPS,2022-10-04,2022-10-04,Delayed,0.0,0.0,0.0,0.0,0.0,0.0,0.0,0.0,0.0,0.0
398,USPS,2022-10-11,2022-10-11,On Time,0.0,0.0,0.0,0.0,0.0,0.0,0.0,0.0,0.0,0.0
399,FedEx,2022-10-13,2022-10-12,On Time,0.0,0.0,0.0,0.0,0.0,0.0,0.0,0.0,0.0,0.0
400,DHL,2022-10-12,2022-10-13,On Time,0.0,0.0,0.0,0.0,0.0,0.0,0.0,0.0,0.0,0.0
401,UPS,2022-10-11,2022-10-11,Early,0.0,0.0,0.0,0.0,0.0,0.0,0.0,0.0,0.0,0.0
402,FedEx,2022-10-16,2022-10-15,Early,0.0,0.0,0.0,0.0,0.0,0.0,0.0,0.0,0.0,0.0
403,FedEx,2022-10-15,2022-10-15,On Time,0.0,0.0,0.0,0.0,0.0,0.0,0.0,0.0,0.0,0.0
404,UPS,2022-10-20,2022-10-19,Early,0.0,0.0,0.0,0.0,0.0,0.0,0.0,0.0,0.0,0.0
405,UPS,2022-10-18,2022-10-18,Delayed,0.0,0.0,0.0,0.0,0.0,0.0,0.0,0.0,0.0,0.0
406,USPS,2022-10-19,2022-10-18,Delayed,0.0,0.0,0.0,0.0,0.0,0.0,0.0,0.0,0.0,0.0
407,FedEx,2022-10-19,2022-10-18,Delayed,0.0,0.0,0.0,0.0,0.0,0.0,0.0,0.0,0.0,0.0
408,DHL,2022-10-15,2022-10-17,Early,0.0,0.0,0.0,0.0,0.0,0.0,0.0,0.0,0.0,0.0
409,FedEx,2022-10-24,2022-10-25,On Time,0.0,0.0,0.0,0.0,0.0,0.0,0.0,0.0,0.0,0.0
410,DHL,2022-10-20,2022-10-21,Early,0.0,0.0,0.0,0.0,0.0,0.0,0.0,0.0,0.0,0.0
411,UPS,2022-10-25,2022-10-25,Early,0.0,0.0,0.0,0.0,0.0,0.0,0.0,0.0,0.0,0.0
412,USPS,2022-10-23,2022-10-24,On Time,0.0,0.0,0.0,0.0,0.0,0.0,0.0,0.0,0.0,0.0
413,USPS,2022-10-22,2022-10-24,Delayed,0.0,0.0,0.0,0.0,0.0,0.0,0.0,0.0,0.0,0.0
414,UPS,2022-10-21,2022-10-23,On Time,0.0,0.0,0.0,0.0,0.0,0.0,0.0,0.0,0.0,0.0
415,USPS,2022-10-30,2022-11-01,Delayed,0.0,0.0,0.0,0.0,0.0,0.0,0.0,0.0,0.0,0.0
416,UPS,2022-10-31,2022-10-30,On Time,0.0,0.0,0.0,0.0,0.0,0.0,0.0,0.0,0.0,0.0
417,USPS,2022-10-31,2022-10-30,Early,0.0,0.0,0.0,0.0,0.0,0.0,0.0,0.0,0.0,0.0
418,FedEx,2022-11-02,2022-11-02,On Time,0.0,0.0,0.0,0.0,0.0,0.0,0.0,0.0,0.0,0.0
419,USPS,2022-10-30,2022-10-31,On Time,0.0,0.0,0.0,0.0,0.0,0.0,0.0,0.0,0.0,0.0
420,DHL,2022-11-03,2022-11-05,Delayed,0.0,0.0,0.0,0.0,0.0,0.0,0.0,0.0,0.0,0.0
421,FedEx,2022-11-01,2022-11-01,On Time,0.0,0.0,0.0,0.0,0.0,0.0,0.0,0.0,0.0,0.0
422,USPS,2022-11-04,2022-11-05,On Time,0.0,0.0,0.0,0.0,0.0,0.0,0.0,0.0,0.0,0.0
423,FedEx,2022-11-06,2022-11-04,On Time,0.0,0.0,0.0,0.0,0.0,0.0,0.0,0.0,0.0,0.0
424,FedEx,2022-11-10,2022-11-11,On Time,0.0,0.0,0.0,0.0,0.0,0.0,0.0,0.0,0.0,0.0
425,DHL,2022-11-09,2022-11-10,Early,0.0,0.0,0.0,0.0,0.0,0.0,0.0,0.0,0.0,0.0
426,DHL,2022-11-17,2022-11-16,On Time,0.0,0.0,0.0,0.0,0.0,0.0,0.0,0.0,0.0,0.0
427,UPS,2022-11-19,2022-11-18,On Time,0.0,0.0,0.0,0.0,0.0,0.0,0.0,0.0,0.0,0.0
428,FedEx,2022-11-13,2022-11-13,Delayed,0.0,0.0,0.0,0.0,0.0,0.0,0.0,0.0,0.0,0.0
429,USPS,2022-11-13,2022-11-13,On Time,0.0,0.0,0.0,0.0,0.0,0.0,0.0,0.0,0.0,0.0
430,DHL,2022-11-20,2022-11-21,Early,0.0,0.0,0.0,0.0,0.0,0.0,0.0,0.0,0.0,0.0
431,FedEx,2022-11-21,2022-11-20,Delayed,0.0,0.0,0.0,0.0,0.0,0.0,0.0,0.0,0.0,0.0
432,UPS,2022-11-19,2022-11-19,Delayed,0.0,0.0,0.0,0.0,0.0,0.0,0.0,0.0,0.0,0.0
433,UPS,2022-11-23,2022-11-21,On Time,0.0,0.0,0.0,0.0,0.0,0.0,0.0,0.0,0.0,0.0
434,FedEx,2022-11-21,2022-11-22,Delayed,0.0,0.0,0.0,0.0,0.0,0.0,0.0,0.0,0.0,0.0
435,UPS,2022-11-23,2022-11-22,Delayed,0.0,0.0,0.0,0.0,0.0,0.0,0.0,0.0,0.0,0.0
436,USPS,2022-11-25,2022-11-25,On Time,0.0,0.0,0.0,0.0,0.0,0.0,0.0,0.0,0.0,0.0
437,USPS,2022-11-23,2022-11-23,Early,0.0,0.0,0.0,0.0,0.0,0.0,0.0,0.0,0.0,0.0
438,USPS,2022-11-23,2022-11-24,Early,0.0,0.0,0.0,0.0,0.0,0.0,0.0,0.0,0.0,0.0
439,USPS,2022-11-20,2022-11-21,On Time,0.0,0.0,0.0,0.0,0.0,0.0,0.0,0.0,0.0,0.0
440,DHL,2022-11-26,2022-11-26,Delayed,0.0,0.0,0.0,0.0,0.0,0.0,0.0,0.0,0.0,0.0
441,USPS,2022-12-01,2022-12-01,On Time,0.0,0.0,0.0,0.0,0.0,0.0,0.0,0.0,0.0,0.0
442,DHL,2022-11-29,2022-11-28,On Time,0.0,0.0,0.0,0.0,0.0,0.0,0.0,0.0,0.0,0.0
443,DHL,2022-11-30,2022-12-01,Delayed,0.0,0.0,0.0,0.0,0.0,0.0,0.0,0.0,0.0,0.0
444,DHL,2022-11-28,2022-11-30,Delayed,0.0,0.0,0.0,0.0,0.0,0.0,0.0,0.0,0.0,0.0
445,UPS,2022-11-30,2022-11-29,On Time,0.0,0.0,0.0,0.0,0.0,0.0,0.0,0.0,0.0,0.0
446,DHL,2022-12-12,2022-12-11,Delayed,0.0,0.0,0.0,0.0,0.0,0.0,0.0,0.0,0.0,0.0
447,UPS,2022-12-03,2022-12-04,Delayed,0.0,0.0,0.0,0.0,0.0,0.0,0.0,0.0,0.0,0.0
448,USPS,2022-12-10,2022-12-10,Early,0.0,0.0,0.0,0.0,0.0,0.0,0.0,0.0,0.0,0.0
449,UPS,2022-12-11,2022-12-11,Early,0.0,0.0,0.0,0.0,0.0,0.0,0.0,0.0,0.0,0.0
450,FedEx,2022-12-04,2022-12-05,On Time,0.0,0.0,0.0,0.0,0.0,0.0,0.0,0.0,0.0,0.0
451,UPS,2022-12-10,2022-12-10,On Time,0.0,0.0,0.0,0.0,0.0,0.0,0.0,0.0,0.0,0.0
452,FedEx,2022-12-05,2022-12-05,On Time,0.0,0.0,0.0,0.0,0.0,0.0,0.0,0.0,0.0,0.0
453,UPS,2022-12-12,2022-12-13,Early,0.0,0.0,0.0,0.0,0.0,0.0,0.0,0.0,0.0,0.0
454,DHL,2022-12-13,2022-12-13,Delayed,0.0,0.0,0.0,0.0,0.0,0.0,0.0,0.0,0.0,0.0
455,FedEx,2022-12-18,2022-12-17,On Time,0.0,0.0,0.0,0.0,0.0,0.0,0.0,0.0,0.0,0.0
456,UPS,2022-12-14,2022-12-13,Early,0.0,0.0,0.0,0.0,0.0,0.0,0.0,0.0,0.0,0.0
457,USPS,2022-12-17,2022-12-15,On Time,0.0,0.0,0.0,0.0,0.0,0.0,0.0,0.0,0.0,0.0
458,UPS,2022-12-25,2022-12-24,Early,0.0,0.0,0.0,0.0,0.0,0.0,0.0,0.0,0.0,0.0
459,FedEx,2022-12-22,2022-12-22,Early,0.0,0.0,0.0,0.0,0.0,0.0,0.0,0.0,0.0,0.0
460,USPS,2022-12-21,2022-12-22,Delayed,0.0,0.0,0.0,0.0,0.0,0.0,0.0,0.0,0.0,0.0
461,FedEx,2022-12-22,2022-12-23,Early,0.0,0.0,0.0,0.0,0.0,0.0,0.0,0.0,0.0,0.0
462,DHL,2022-12-21,2022-12-21,Delayed,0.0,0.0,0.0,0.0,0.0,0.0,0.0,0.0,0.0,0.0
463,DHL,2022-12-30,2022-12-29,On Time,0.0,0.0,0.0,0.0,0.0,0.0,0.0,0.0,0.0,0.0
464,UPS,2022-12-24,2022-12-23,Delayed,0.0,0.0,0.0,0.0,0.0,0.0,0.0,0.0,0.0,0.0
465,UPS,2022-12-28,2022-12-27,On Time,0.0,0.0,0.0,0.0,0.0,0.0,0.0,0.0,0.0,0.0
466,UPS,2023-01-05,2023-01-07,On Time,0.0,0.0,0.0,0.0,0.0,0.0,0.0,0.0,0.0,0.0
467,UPS,2022-12-30,2022-12-31,Delayed,0.0,0.0,0.0,0.0,0.0,0.0,0.0,0.0,0.0,0.0
468,FedEx,2022-12-31,2022-12-29,On Time,0.0,0.0,0.0,0.0,0.0,0.0,0.0,0.0,0.0,0.0
469,FedEx,2023-01-01,2023-01-03,On Time,0.0,0.0,0.0,0.0,0.0,0.0,0.0,0.0,0.0,0.0
470,UPS,2023-01-06,2023-01-05,On Time,0.0,0.0,0.0,0.0,0.0,0.0,0.0,0.0,0.0,0.0
471,UPS,2023-01-04,2023-01-03,On Time,0.0,0.0,0.0,0.0,0.0,0.0,0.0,0.0,0.0,0.0
472,DHL,2023-01-03,2023-01-02,Early,0.0,0.0,0.0,0.0,0.0,0.0,0.0,0.0,0.0,0.0
473,UPS,2023-01-10,2023-01-08,Early,0.0,0.0,0.0,0.0,0.0,0.0,0.0,0.0,0.0,0.0
474,DHL,2023-01-06,2023-01-08,Delayed,0.0,0.0,0.0,0.0,0.0,0.0,0.0,0.0,0.0,0.0
475,DHL,2023-01-05,2023-01-06,Early,0.0,0.0,0.0,0.0,0.0,0.0,0.0,0.0,0.0,0.0
476,UPS,2023-01-07,2023-01-08,Early,0.0,0.0,0.0,0.0,0.0,0.0,0.0,0.0,0.0,0.0
477,FedEx,2023-01-12,2023-01-11,Early,0.0,0.0,0.0,0.0,0.0,0.0,0.0,0.0,0.0,0.0
478,DHL,2023-01-13,2023-01-14,Early,0.0,0.0,0.0,0.0,0.0,0.0,0.0,0.0,0.0,0.0
479,DHL,2023-01-16,2023-01-16,Early,0.0,0.0,0.0,0.0,0.0,0.0,0.0,0.0,0.0,0.0
480,UPS,2023-01-17,2023-01-18,Early,0.0,0.0,0.0,0.0,0.0,0.0,0.0,0.0,0.0,0.0
481,FedEx,2023-01-16,2023-01-17,Delayed,0.0,0.0,0.0,0.0,0.0,0.0,0.0,0.0,0.0,0.0
482,USPS,2023-01-15,2023-01-14,Delayed,0.0,0.0,0.0,0.0,0.0,0.0,0.0,0.0,0.0,0.0
483,DHL,2023-01-17,2023-01-18,Delayed,0.0,0.0,0.0,0.0,0.0,0.0,0.0,0.0,0.0,0.0
484,UPS,2023-01-23,2023-01-23,Early,0.0,0.0,0.0,0.0,0.0,0.0,0.0,0.0,0.0,0.0
485,FedEx,2023-01-20,2023-01-22,Early,0.0,0.0,0.0,0.0,0.0,0.0,0.0,0.0,0.0,0.0
486,FedEx,2023-01-21,2023-01-22,Early,0.0,0.0,0.0,0.0,0.0,0.0,0.0,0.0,0.0,0.0
487,FedEx,2023-01-21,2023-01-22,On Time,0.0,0.0,0.0,0.0,0.0,0.0,0.0,0.0,0.0,0.0
488,DHL,2023-01-23,2023-01-22,Early,0.0,0.0,0.0,0.0,0.0,0.0,0.0,0.0,0.0,0.0
489,USPS,2023-01-28,2023-01-28,Delayed,0.0,0.0,0.0,0.0,0.0,0.0,0.0,0.0,0.0,0.0
490,FedEx,2023-02-01,2023-02-01,On Time,0.0,0.0,0.0,0.0,0.0,0.0,0.0,0.0,0.0,0.0
491,DHL,2023-01-30,2023-02-01,On Time,0.0,0.0,0.0,0.0,0.0,0.0,0.0,0.0,0.0,0.0
492,UPS,2023-02-01,2023-02-02,Early,0.0,0.0,0.0,0.0,0.0,0.0,0.0,0.0,0.0,0.0
493,FedEx,2023-01-24,2023-01-25,Early,0.0,0.0,0.0,0.0,0.0,0.0,0.0,0.0,0.0,0.0
494,DHL,2023-01-29,2023-01-28,Delayed,0.0,0.0,0.0,0.0,0.0,0.0,0.0,0.0,0.0,0.0
495,USPS,2023-02-01,2023-02-01,Delayed,0.0,0.0,0.0,0.0,0.0,0.0,0.0,0.0,0.0,0.0
496,FedEx,2023-02-05,2023-02-06,Early,0.0,0.0,0.0,0.0,0.0,0.0,0.0,0.0,0.0,0.0
497,USPS,2023-01-31,2023-02-02,Delayed,0.0,0.0,0.0,0.0,0.0,0.0,0.0,0.0,0.0,0.0
498,DHL,2023-02-09,2023-02-07,Delayed,0.0,0.0,0.0,0.0,0.0,0.0,0.0,0.0,0.0,0.0
499,UPS,2023-02-09,2023-02-11,Early,0.0,0.0,0.0,0.0,0.0,0.0,0.0,0.0,0.0,0.0
500,DHL,2023-02-08,2023-02-08,Delayed,0.0,0.0,0.0,0.0,0.0,0.0,0.0,0.0,0.0,0.0
501,USPS,2023-02-07,2023-02-06,On Time,0.0,0.0,0.0,0.0,0.0,0.0,0.0,0.0,0.0,0.0
502,USPS,2023-02-13,2023-02-12,On Time,0.0,0.0,0.0,0.0,0.0,0.0,0.0,0.0,0.0,0.0
503,UPS,2023-02-15,2023-02-14,Delayed,0.0,0.0,0.0,0.0,0.0,0.0,0.0,0.0,0.0,0.0
504,FedEx,2023-02-08,2023-02-09,On Time,0.0,0.0,0.0,0.0,0.0,0.0,0.0,0.0,0.0,0.0
505,DHL,2023-02-15,2023-02-16,Delayed,0.0,0.0,0.0,0.0,0.0,0.0,0.0,0.0,0.0,0.0
506,UPS,2023-02-11,2023-02-10,On Time,0.0,0.0,0.0,0.0,0.0,0.0,0.0,0.0,0.0,0.0
507,FedEx,2023-02-19,2023-02-17,Delayed,0.0,0.0,0.0,0.0,0.0,0.0,0.0,0.0,0.0,0.0
508,UPS,2023-02-14,2023-02-13,Early,0.0,0.0,0.0,0.0,0.0,0.0,0.0,0.0,0.0,0.0
509,USPS,2023-02-11,2023-02-13,Delayed,0.0,0.0,0.0,0.0,0.0,0.0,0.0,0.0,0.0,0.0
510,FedEx,2023-02-19,2023-02-18,Early,0.0,0.0,0.0,0.0,0.0,0.0,0.0,0.0,0.0,0.0
511,DHL,2023-02-18,2023-02-18,Delayed,0.0,0.0,0.0,0.0,0.0,0.0,0.0,0.0,0.0,0.0
512,UPS,2023-02-19,2023-02-18,Early,0.0,0.0,0.0,0.0,0.0,0.0,0.0,0.0,0.0,0.0
513,FedEx,2023-02-23,2023-02-21,On Time,0.0,0.0,0.0,0.0,0.0,0.0,0.0,0.0,0.0,0.0
514,UPS,2023-02-27,2023-02-26,Early,0.0,0.0,0.0,0.0,0.0,0.0,0.0,0.0,0.0,0.0
515,UPS,2023-02-24,2023-02-24,On Time,0.0,0.0,0.0,0.0,0.0,0.0,0.0,0.0,0.0,0.0
516,DHL,2023-02-21,2023-02-23,Delayed,0.0,0.0,0.0,0.0,0.0,0.0,0.0,0.0,0.0,0.0
517,FedEx,2023-02-28,2023-03-01,On Time,0.0,0.0,0.0,0.0,0.0,0.0,0.0,0.0,0.0,0.0
518,FedEx,2023-03-07,2023-03-06,Delayed,0.0,0.0,0.0,0.0,0.0,0.0,0.0,0.0,0.0,0.0
519,USPS,2023-03-03,2023-03-03,Early,0.0,0.0,0.0,0.0,0.0,0.0,0.0,0.0,0.0,0.0
520,UPS,2023-03-05,2023-03-05,On Time,0.0,0.0,0.0,0.0,0.0,0.0,0.0,0.0,0.0,0.0
521,FedEx,2023-03-11,2023-03-11,Delayed,0.0,0.0,0.0,0.0,0.0,0.0,0.0,0.0,0.0,0.0
522,FedEx,2023-03-09,2023-03-07,On Time,0.0,0.0,0.0,0.0,0.0,0.0,0.0,0.0,0.0,0.0
523,FedEx,2023-03-13,2023-03-12,Early,0.0,0.0,0.0,0.0,0.0,0.0,0.0,0.0,0.0,0.0
524,DHL,2023-03-10,2023-03-08,Delayed,0.0,0.0,0.0,0.0,0.0,0.0,0.0,0.0,0.0,0.0
525,DHL,2023-03-14,2023-03-14,Early,0.0,0.0,0.0,0.0,0.0,0.0,0.0,0.0,0.0,0.0
526,DHL,2023-03-12,2023-03-11,Delayed,0.0,0.0,0.0,0.0,0.0,0.0,0.0,0.0,0.0,0.0
527,FedEx,2023-03-16,2023-03-15,On Time,0.0,0.0,0.0,0.0,0.0,0.0,0.0,0.0,0.0,0.0
528,DHL,2023-03-13,2023-03-13,On Time,0.0,0.0,0.0,0.0,0.0,0.0,0.0,0.0,0.0,0.0
529,FedEx,2023-03-12,2023-03-14,On Time,0.0,0.0,0.0,0.0,0.0,0.0,0.0,0.0,0.0,0.0
530,DHL,2023-03-19,2023-03-18,On Time,0.0,0.0,0.0,0.0,0.0,0.0,0.0,0.0,0.0,0.0
531,UPS,2023-03-18,2023-03-18,Early,0.0,0.0,0.0,0.0,0.0,0.0,0.0,0.0,0.0,0.0
532,FedEx,2023-03-12,2023-03-13,Delayed,0.0,0.0,0.0,0.0,0.0,0.0,0.0,0.0,0.0,0.0
533,USPS,2023-03-20,2023-03-19,On Time,0.0,0.0,0.0,0.0,0.0,0.0,0.0,0.0,0.0,0.0
534,UPS,2023-03-19,2023-03-20,On Time,0.0,0.0,0.0,0.0,0.0,0.0,0.0,0.0,0.0,0.0
535,UPS,2023-03-19,2023-03-19,On Time,0.0,0.0,0.0,0.0,0.0,0.0,0.0,0.0,0.0,0.0
536,UPS,2023-03-20,2023-03-18,On Time,0.0,0.0,0.0,0.0,0.0,0.0,0.0,0.0,0.0,0.0
537,USPS,2023-03-27,2023-03-26,Delayed,0.0,0.0,0.0,0.0,0.0,0.0,0.0,0.0,0.0,0.0
538,USPS,2023-03-27,2023-03-26,On Time,0.0,0.0,0.0,0.0,0.0,0.0,0.0,0.0,0.0,0.0
539,USPS,2023-03-25,2023-03-24,Delayed,0.0,0.0,0.0,0.0,0.0,0.0,0.0,0.0,0.0,0.0
540,DHL,2023-03-23,2023-03-23,Early,0.0,0.0,0.0,0.0,0.0,0.0,0.0,0.0,0.0,0.0
541,DHL,2023-03-24,2023-03-23,On Time,0.0,0.0,0.0,0.0,0.0,0.0,0.0,0.0,0.0,0.0
542,UPS,2023-04-03,2023-04-03,On Time,0.0,0.0,0.0,0.0,0.0,0.0,0.0,0.0,0.0,0.0
543,USPS,2023-04-01,2023-04-02,Early,0.0,0.0,0.0,0.0,0.0,0.0,0.0,0.0,0.0,0.0
544,UPS,2023-04-05,2023-04-05,Early,0.0,0.0,0.0,0.0,0.0,0.0,0.0,0.0,0.0,0.0
545,UPS,2023-04-02,2023-04-02,On Time,0.0,0.0,0.0,0.0,0.0,0.0,0.0,0.0,0.0,0.0
546,USPS,2023-04-01,2023-03-31,On Time,0.0,0.0,0.0,0.0,0.0,0.0,0.0,0.0,0.0,0.0
547,DHL,2023-04-05,2023-04-06,Early,0.0,0.0,0.0,0.0,0.0,0.0,0.0,0.0,0.0,0.0
548,UPS,2023-04-14,2023-04-12,Delayed,0.0,0.0,0.0,0.0,0.0,0.0,0.0,0.0,0.0,0.0
549,UPS,2023-04-09,2023-04-11,Delayed,0.0,0.0,0.0,0.0,0.0,0.0,0.0,0.0,0.0,0.0
550,FedEx,2023-04-12,2023-04-14,Early,0.0,0.0,0.0,0.0,0.0,0.0,0.0,0.0,0.0,0.0
551,USPS,2023-04-09,2023-04-09,On Time,0.0,0.0,0.0,0.0,0.0,0.0,0.0,0.0,0.0,0.0
552,UPS,2023-04-09,2023-04-11,On Time,0.0,0.0,0.0,0.0,0.0,0.0,0.0,0.0,0.0,0.0
553,USPS,2023-04-15,2023-04-15,On Time,0.0,0.0,0.0,0.0,0.0,0.0,0.0,0.0,0.0,0.0
554,FedEx,2023-04-18,2023-04-17,Early,0.0,0.0,0.0,0.0,0.0,0.0,0.0,0.0,0.0,0.0
555,USPS,2023-04-15,2023-04-15,Early,0.0,0.0,0.0,0.0,0.0,0.0,0.0,0.0,0.0,0.0
556,FedEx,2023-04-11,2023-04-10,Delayed,0.0,0.0,0.0,0.0,0.0,0.0,0.0,0.0,0.0,0.0
557,FedEx,2023-04-21,2023-04-20,Early,0.0,0.0,0.0,0.0,0.0,0.0,0.0,0.0,0.0,0.0
558,DHL,2023-04-18,2023-04-19,On Time,0.0,0.0,0.0,0.0,0.0,0.0,0.0,0.0,0.0,0.0
559,UPS,2023-04-19,2023-04-20,Early,0.0,0.0,0.0,0.0,0.0,0.0,0.0,0.0,0.0,0.0
560,UPS,2023-04-20,2023-04-18,Early,0.0,0.0,0.0,0.0,0.0,0.0,0.0,0.0,0.0,0.0
561,USPS,2023-04-21,2023-04-19,On Time,0.0,0.0,0.0,0.0,0.0,0.0,0.0,0.0,0.0,0.0
562,USPS,2023-04-19,2023-04-20,On Time,0.0,0.0,0.0,0.0,0.0,0.0,0.0,0.0,0.0,0.0
563,FedEx,2023-04-20,2023-04-21,Early,0.0,0.0,0.0,0.0,0.0,0.0,0.0,0.0,0.0,0.0
564,FedEx,2023-04-28,2023-04-28,Early,0.0,0.0,0.0,0.0,0.0,0.0,0.0,0.0,0.0,0.0
565,USPS,2023-04-25,2023-04-24,On Time,0.0,0.0,0.0,0.0,0.0,0.0,0.0,0.0,0.0,0.0
566,USPS,2023-05-03,2023-05-02,On Time,0.0,0.0,0.0,0.0,0.0,0.0,0.0,0.0,0.0,0.0
567,USPS,2023-05-01,2023-04-29,Early,0.0,0.0,0.0,0.0,0.0,0.0,0.0,0.0,0.0,0.0
568,FedEx,2023-05-02,2023-05-03,Early,0.0,0.0,0.0,0.0,0.0,0.0,0.0,0.0,0.0,0.0
569,USPS,2023-04-30,2023-05-02,Delayed,0.0,0.0,0.0,0.0,0.0,0.0,0.0,0.0,0.0,0.0
570,FedEx,2023-05-06,2023-05-05,On Time,0.0,0.0,0.0,0.0,0.0,0.0,0.0,0.0,0.0,0.0
571,UPS,2023-05-11,2023-05-10,Early,0.0,0.0,0.0,0.0,0.0,0.0,0.0,0.0,0.0,0.0
572,UPS,2023-05-09,2023-05-09,On Time,0.0,0.0,0.0,0.0,0.0,0.0,0.0,0.0,0.0,0.0
573,FedEx,2023-05-14,2023-05-12,On Time,0.0,0.0,0.0,0.0,0.0,0.0,0.0,0.0,0.0,0.0
574,FedEx,2023-05-07,2023-05-08,On Time,0.0,0.0,0.0,0.0,0.0,0.0,0.0,0.0,0.0,0.0
575,FedEx,2023-05-12,2023-05-10,On Time,0.0,0.0,0.0,0.0,0.0,0.0,0.0,0.0,0.0,0.0
576,FedEx,2023-05-14,2023-05-15,Early,0.0,0.0,0.0,0.0,0.0,0.0,0.0,0.0,0.0,0.0
577,DHL,2023-05-08,2023-05-10,Delayed,0.0,0.0,0.0,0.0,0.0,0.0,0.0,0.0,0.0,0.0
578,UPS,2023-05-10,2023-05-12,Delayed,0.0,0.0,0.0,0.0,0.0,0.0,0.0,0.0,0.0,0.0
579,UPS,2023-05-14,2023-05-14,Early,0.0,0.0,0.0,0.0,0.0,0.0,0.0,0.0,0.0,0.0
580,DHL,2023-05-13,2023-05-13,Delayed,0.0,0.0,0.0,0.0,0.0,0.0,0.0,0.0,0.0,0.0
581,USPS,2023-05-16,2023-05-17,On Time,0.0,0.0,0.0,0.0,0.0,0.0,0.0,0.0,0.0,0.0
582,FedEx,2023-05-24,2023-05-22,Early,0.0,0.0,0.0,0.0,0.0,0.0,0.0,0.0,0.0,0.0
583,USPS,2023-05-19,2023-05-19,Early,0.0,0.0,0.0,0.0,0.0,0.0,0.0,0.0,0.0,0.0
584,UPS,2023-05-21,2023-05-22,On Time,0.0,0.0,0.0,0.0,0.0,0.0,0.0,0.0,0.0,0.0
585,DHL,2023-05-24,2023-05-22,On Time,0.0,0.0,0.0,0.0,0.0,0.0,0.0,0.0,0.0,0.0
586,FedEx,2023-05-25,2023-05-24,On Time,0.0,0.0,0.0,0.0,0.0,0.0,0.0,0.0,0.0,0.0
587,UPS,2023-05-25,2023-05-26,Early,0.0,0.0,0.0,0.0,0.0,0.0,0.0,0.0,0.0,0.0
588,UPS,2023-05-28,2023-05-29,On Time,0.0,0.0,0.0,0.0,0.0,0.0,0.0,0.0,0.0,0.0
589,UPS,2023-05-28,2023-05-27,Early,0.0,0.0,0.0,0.0,0.0,0.0,0.0,0.0,0.0,0.0
590,DHL,2023-06-03,2023-06-04,On Time,0.0,0.0,0.0,0.0,0.0,0.0,0.0,0.0,0.0,0.0
591,DHL,2023-05-31,2023-06-01,On Time,0.0,0.0,0.0,0.0,0.0,0.0,0.0,0.0,0.0,0.0
592,DHL,2023-06-08,2023-06-08,On Time,0.0,0.0,0.0,0.0,0.0,0.0,0.0,0.0,0.0,0.0
593,DHL,2023-05-30,2023-05-31,Delayed,0.0,0.0,0.0,0.0,0.0,0.0,0.0,0.0,0.0,0.0
594,DHL,2023-06-10,2023-06-09,On Time,0.0,0.0,0.0,0.0,0.0,0.0,0.0,0.0,0.0,0.0
595,USPS,2023-06-05,2023-06-04,Delayed,0.0,0.0,0.0,0.0,0.0,0.0,0.0,0.0,0.0,0.0
596,UPS,2023-06-02,2023-05-31,Early,0.0,0.0,0.0,0.0,0.0,0.0,0.0,0.0,0.0,0.0
597,UPS,2023-06-11,2023-06-09,Early,0.0,0.0,0.0,0.0,0.0,0.0,0.0,0.0,0.0,0.0
598,USPS,2023-06-10,2023-06-10,Delayed,0.0,0.0,0.0,0.0,0.0,0.0,0.0,0.0,0.0,0.0
599,FedEx,2023-06-08,2023-06-07,Early,0.0,0.0,0.0,0.0,0.0,0.0,0.0,0.0,0.0,0.0
600,USPS,2023-06-08,2023-06-09,On Time,0.0,0.0,0.0,0.0,0.0,0.0,0.0,0.0,0.0,0.0
601,FedEx,2023-06-05,2023-06-04,Delayed,0.0,0.0,0.0,0.0,0.0,0.0,0.0,0.0,0.0,0.0
602,FedEx,2023-06-05,2023-06-07,Delayed,0.0,0.0,0.0,0.0,0.0,0.0,0.0,0.0,0.0,0.0
603,USPS,2023-06-14,2023-06-12,Early,0.0,0.0,0.0,0.0,0.0,0.0,0.0,0.0,0.0,0.0
604,USPS,2023-06-10,2023-06-11,Early,0.0,0.0,0.0,0.0,0.0,0.0,0.0,0.0,0.0,0.0
605,DHL,2023-06-15,2023-06-15,Delayed,0.0,0.0,0.0,0.0,0.0,0.0,0.0,0.0,0.0,0.0
606,USPS,2023-06-17,2023-06-15,Early,0.0,0.0,0.0,0.0,0.0,0.0,0.0,0.0,0.0,0.0
607,DHL,2023-06-15,2023-06-13,Delayed,0.0,0.0,0.0,0.0,0.0,0.0,0.0,0.0,0.0,0.0
608,USPS,2023-06-21,2023-06-19,Delayed,0.0,0.0,0.0,0.0,0.0,0.0,0.0,0.0,0.0,0.0
609,USPS,2023-06-26,2023-06-26,Delayed,0.0,0.0,0.0,0.0,0.0,0.0,0.0,0.0,0.0,0.0
610,FedEx,2023-06-24,2023-06-26,On Time,0.0,0.0,0.0,0.0,0.0,0.0,0.0,0.0,0.0,0.0
611,USPS,2023-06-28,2023-06-27,On Time,0.0,0.0,0.0,0.0,0.0,0.0,0.0,0.0,0.0,0.0
612,FedEx,2023-06-25,2023-06-24,Early,0.0,0.0,0.0,0.0,0.0,0.0,0.0,0.0,0.0,0.0
613,DHL,2023-06-23,2023-06-25,Delayed,0.0,0.0,0.0,0.0,0.0,0.0,0.0,0.0,0.0,0.0
614,USPS,2023-06-25,2023-06-27,Early,0.0,0.0,0.0,0.0,0.0,0.0,0.0,0.0,0.0,0.0
615,DHL,2023-06-21,2023-06-23,On Time,0.0,0.0,0.0,0.0,0.0,0.0,0.0,0.0,0.0,0.0
616,USPS,2023-06-26,2023-06-24,Early,0.0,0.0,0.0,0.0,0.0,0.0,0.0,0.0,0.0,0.0
617,USPS,2023-06-26,2023-06-27,Delayed,0.0,0.0,0.0,0.0,0.0,0.0,0.0,0.0,0.0,0.0
618,UPS,2023-06-28,2023-06-30,Delayed,0.0,0.0,0.0,0.0,0.0,0.0,0.0,0.0,0.0,0.0
619,USPS,2023-07-08,2023-07-09,On Time,0.0,0.0,0.0,0.0,0.0,0.0,0.0,0.0,0.0,0.0
620,FedEx,2023-07-12,2023-07-13,Delayed,0.0,0.0,0.0,0.0,0.0,0.0,0.0,0.0,0.0,0.0
621,DHL,2023-07-08,2023-07-08,Early,0.0,0.0,0.0,0.0,0.0,0.0,0.0,0.0,0.0,0.0
622,UPS,2023-07-11,2023-07-13,Delayed,0.0,0.0,0.0,0.0,0.0,0.0,0.0,0.0,0.0,0.0
623,UPS,2023-07-19,2023-07-20,On Time,0.0,0.0,0.0,0.0,0.0,0.0,0.0,0.0,0.0,0.0
624,DHL,2023-07-16,2023-07-17,Delayed,0.0,0.0,0.0,0.0,0.0,0.0,0.0,0.0,0.0,0.0
625,DHL,2023-07-15,2023-07-17,On Time,0.0,0.0,0.0,0.0,0.0,0.0,0.0,0.0,0.0,0.0
626,UPS,2023-07-14,2023-07-16,Delayed,0.0,0.0,0.0,0.0,0.0,0.0,0.0,0.0,0.0,0.0
627,USPS,2023-07-23,2023-07-22,On Time,0.0,0.0,0.0,0.0,0.0,0.0,0.0,0.0,0.0,0.0
628,UPS,2023-07-22,2023-07-22,On Time,0.0,0.0,0.0,0.0,0.0,0.0,0.0,0.0,0.0,0.0
629,USPS,2023-07-25,2023-07-26,Delayed,0.0,0.0,0.0,0.0,0.0,0.0,0.0,0.0,0.0,0.0
630,DHL,2023-07-25,2023-07-26,Early,0.0,0.0,0.0,0.0,0.0,0.0,0.0,0.0,0.0,0.0
631,USPS,2023-07-24,2023-07-24,On Time,0.0,0.0,0.0,0.0,0.0,0.0,0.0,0.0,0.0,0.0
632,USPS,2023-07-23,2023-07-22,Delayed,0.0,0.0,0.0,0.0,0.0,0.0,0.0,0.0,0.0,0.0
633,USPS,2023-07-22,2023-07-23,Early,0.0,0.0,0.0,0.0,0.0,0.0,0.0,0.0,0.0,0.0
634,FedEx,2023-07-26,2023-07-26,Early,0.0,0.0,0.0,0.0,0.0,0.0,0.0,0.0,0.0,0.0
635,USPS,2023-07-25,2023-07-27,Early,0.0,0.0,0.0,0.0,0.0,0.0,0.0,0.0,0.0,0.0
636,FedEx,2023-08-06,2023-08-05,Early,0.0,0.0,0.0,0.0,0.0,0.0,0.0,0.0,0.0,0.0
637,USPS,2023-08-13,2023-08-13,On Time,0.0,0.0,0.0,0.0,0.0,0.0,0.0,0.0,0.0,0.0
638,USPS,2023-08-16,2023-08-14,On Time,0.0,0.0,0.0,0.0,0.0,0.0,0.0,0.0,0.0,0.0
639,FedEx,2023-08-12,2023-08-14,On Time,0.0,0.0,0.0,0.0,0.0,0.0,0.0,0.0,0.0,0.0
640,USPS,2023-08-22,2023-08-22,Early,0.0,0.0,0.0,0.0,0.0,0.0,0.0,0.0,0.0,0.0
641,USPS,2023-08-17,2023-08-18,On Time,0.0,0.0,0.0,0.0,0.0,0.0,0.0,0.0,0.0,0.0
642,FedEx,2023-08-19,2023-08-19,Delayed,0.0,0.0,0.0,0.0,0.0,0.0,0.0,0.0,0.0,0.0
643,FedEx,2023-08-21,2023-08-19,Early,0.0,0.0,0.0,0.0,0.0,0.0,0.0,0.0,0.0,0.0
644,FedEx,2023-08-16,2023-08-16,Delayed,0.0,0.0,0.0,0.0,0.0,0.0,0.0,0.0,0.0,0.0
645,FedEx,2023-08-24,2023-08-23,Early,0.0,0.0,0.0,0.0,0.0,0.0,0.0,0.0,0.0,0.0
646,USPS,2023-08-21,2023-08-22,Delayed,0.0,0.0,0.0,0.0,0.0,0.0,0.0,0.0,0.0,0.0
647,USPS,2023-08-24,2023-08-23,Delayed,0.0,0.0,0.0,0.0,0.0,0.0,0.0,0.0,0.0,0.0
648,DHL,2023-08-28,2023-08-28,Delayed,0.0,0.0,0.0,0.0,0.0,0.0,0.0,0.0,0.0,0.0
649,USPS,2023-08-22,2023-08-21,On Time,0.0,0.0,0.0,0.0,0.0,0.0,0.0,0.0,0.0,0.0
650,UPS,2023-08-21,2023-08-20,On Time,0.0,0.0,0.0,0.0,0.0,0.0,0.0,0.0,0.0,0.0
651,UPS,2023-08-21,2023-08-21,Early,0.0,0.0,0.0,0.0,0.0,0.0,0.0,0.0,0.0,0.0
652,UPS,2023-08-23,2023-08-24,On Time,0.0,0.0,0.0,0.0,0.0,0.0,0.0,0.0,0.0,0.0
653,USPS,2023-08-30,2023-08-30,On Time,0.0,0.0,0.0,0.0,0.0,0.0,0.0,0.0,0.0,0.0
654,USPS,2023-08-31,2023-08-31,Early,0.0,0.0,0.0,0.0,0.0,0.0,0.0,0.0,0.0,0.0
655,FedEx,2023-09-04,2023-09-05,Early,0.0,0.0,0.0,0.0,0.0,0.0,0.0,0.0,0.0,0.0
656,USPS,2023-09-06,2023-09-08,On Time,0.0,0.0,0.0,0.0,0.0,0.0,0.0,0.0,0.0,0.0
657,DHL,2023-09-09,2023-09-09,Early,0.0,0.0,0.0,0.0,0.0,0.0,0.0,0.0,0.0,0.0
658,USPS,2023-09-05,2023-09-06,Early,0.0,0.0,0.0,0.0,0.0,0.0,0.0,0.0,0.0,0.0
659,UPS,2023-09-10,2023-09-08,Early,0.0,0.0,0.0,0.0,0.0,0.0,0.0,0.0,0.0,0.0
660,FedEx,2023-09-07,2023-09-08,On Time,0.0,0.0,0.0,0.0,0.0,0.0,0.0,0.0,0.0,0.0
661,FedEx,2023-09-14,2023-09-15,On Time,0.0,0.0,0.0,0.0,0.0,0.0,0.0,0.0,0.0,0.0
662,FedEx,2023-09-17,2023-09-19,Delayed,0.0,0.0,0.0,0.0,0.0,0.0,0.0,0.0,0.0,0.0
663,DHL,2023-09-16,2023-09-15,Delayed,0.0,0.0,0.0,0.0,0.0,0.0,0.0,0.0,0.0,0.0
664,DHL,2023-09-21,2023-09-23,Delayed,0.0,0.0,0.0,0.0,0.0,0.0,0.0,0.0,0.0,0.0
665,DHL,2023-09-16,2023-09-17,Early,0.0,0.0,0.0,0.0,0.0,0.0,0.0,0.0,0.0,0.0
666,UPS,2023-09-24,2023-09-25,Delayed,0.0,0.0,0.0,0.0,0.0,0.0,0.0,0.0,0.0,0.0
667,UPS,2023-09-27,2023-09-29,Delayed,0.0,0.0,0.0,0.0,0.0,0.0,0.0,0.0,0.0,0.0
668,DHL,2023-10-03,2023-10-03,Early,0.0,0.0,0.0,0.0,0.0,0.0,0.0,0.0,0.0,0.0
669,USPS,2023-09-27,2023-09-26,Early,0.0,0.0,0.0,0.0,0.0,0.0,0.0,0.0,0.0,0.0
670,DHL,2023-10-03,2023-10-02,On Time,0.0,0.0,0.0,0.0,0.0,0.0,0.0,0.0,0.0,0.0
671,DHL,2023-09-27,2023-09-28,Delayed,0.0,0.0,0.0,0.0,0.0,0.0,0.0,0.0,0.0,0.0
672,DHL,2023-09-26,2023-09-27,On Time,0.0,0.0,0.0,0.0,0.0,0.0,0.0,0.0,0.0,0.0
673,FedEx,2023-10-08,2023-10-08,Early,0.0,0.0,0.0,0.0,0.0,0.0,0.0,0.0,0.0,0.0
674,UPS,2023-10-11,2023-10-12,Delayed,0.0,0.0,0.0,0.0,0.0,0.0,0.0,0.0,0.0,0.0
675,FedEx,2023-10-13,2023-10-12,Delayed,0.0,0.0,0.0,0.0,0.0,0.0,0.0,0.0,0.0,0.0
676,USPS,2023-10-16,2023-10-17,Delayed,0.0,0.0,0.0,0.0,0.0,0.0,0.0,0.0,0.0,0.0
677,USPS,2023-10-16,2023-10-16,On Time,0.0,0.0,0.0,0.0,0.0,0.0,0.0,0.0,0.0,0.0
678,UPS,2023-10-15,2023-10-14,Delayed,0.0,0.0,0.0,0.0,0.0,0.0,0.0,0.0,0.0,0.0
679,USPS,2023-10-22,2023-10-23,On Time,0.0,0.0,0.0,0.0,0.0,0.0,0.0,0.0,0.0,0.0
680,FedEx,2023-10-18,2023-10-17,On Time,0.0,0.0,0.0,0.0,0.0,0.0,0.0,0.0,0.0,0.0
681,FedEx,2023-10-25,2023-10-24,Early,0.0,0.0,0.0,0.0,0.0,0.0,0.0,0.0,0.0,0.0
682,FedEx,2023-10-17,2023-10-18,Delayed,0.0,0.0,0.0,0.0,0.0,0.0,0.0,0.0,0.0,0.0
683,USPS,2023-10-22,2023-10-22,On Time,0.0,0.0,0.0,0.0,0.0,0.0,0.0,0.0,0.0,0.0
684,DHL,2023-10-25,2023-10-25,Delayed,0.0,0.0,0.0,0.0,0.0,0.0,0.0,0.0,0.0,0.0
685,FedEx,2023-10-22,2023-10-22,Delayed,0.0,0.0,0.0,0.0,0.0,0.0,0.0,0.0,0.0,0.0
686,FedEx,2023-10-26,2023-10-26,Early,0.0,0.0,0.0,0.0,0.0,0.0,0.0,0.0,0.0,0.0
687,DHL,2023-10-27,2023-10-27,On Time,0.0,0.0,0.0,0.0,0.0,0.0,0.0,0.0,0.0,0.0
688,DHL,2023-10-21,2023-10-22,On Time,0.0,0.0,0.0,0.0,0.0,0.0,0.0,0.0,0.0,0.0
689,UPS,2023-10-25,2023-10-23,Early,0.0,0.0,0.0,0.0,0.0,0.0,0.0,0.0,0.0,0.0
690,USPS,2023-10-28,2023-10-28,On Time,0.0,0.0,0.0,0.0,0.0,0.0,0.0,0.0,0.0,0.0
691,FedEx,2023-10-25,2023-10-24,On Time,0.0,0.0,0.0,0.0,0.0,0.0,0.0,0.0,0.0,0.0
692,UPS,2023-10-31,2023-10-30,On Time,0.0,0.0,0.0,0.0,0.0,0.0,0.0,0.0,0.0,0.0
693,USPS,2023-11-04,2023-11-03,Early,0.0,0.0,0.0,0.0,0.0,0.0,0.0,0.0,0.0,0.0
694,UPS,2023-11-05,2023-11-03,On Time,0.0,0.0,0.0,0.0,0.0,0.0,0.0,0.0,0.0,0.0
695,USPS,2023-11-01,2023-11-02,Delayed,0.0,0.0,0.0,0.0,0.0,0.0,0.0,0.0,0.0,0.0
696,FedEx,2023-11-02,2023-11-02,Early,0.0,0.0,0.0,0.0,0.0,0.0,0.0,0.0,0.0,0.0
697,UPS,2023-11-05,2023-11-04,Early,0.0,0.0,0.0,0.0,0.0,0.0,0.0,0.0,0.0,0.0
698,USPS,2023-11-01,2023-11-02,Early,0.0,0.0,0.0,0.0,0.0,0.0,0.0,0.0,0.0,0.0
699,USPS,2023-11-09,2023-11-10,On Time,0.0,0.0,0.0,0.0,0.0,0.0,0.0,0.0,0.0,0.0
700,USPS,2023-11-06,2023-11-07,Early,0.0,0.0,0.0,0.0,0.0,0.0,0.0,0.0,0.0,0.0
701,DHL,2023-11-13,2023-11-12,On Time,0.0,0.0,0.0,0.0,0.0,0.0,0.0,0.0,0.0,0.0
702,USPS,2023-11-10,2023-11-09,Delayed,0.0,0.0,0.0,0.0,0.0,0.0,0.0,0.0,0.0,0.0
703,DHL,2023-11-10,2023-11-11,Early,0.0,0.0,0.0,0.0,0.0,0.0,0.0,0.0,0.0,0.0
704,FedEx,2023-11-12,2023-11-11,Early,0.0,0.0,0.0,0.0,0.0,0.0,0.0,0.0,0.0,0.0
705,UPS,2023-11-13,2023-11-14,Early,0.0,0.0,0.0,0.0,0.0,0.0,0.0,0.0,0.0,0.0
706,FedEx,2023-11-19,2023-11-18,Delayed,0.0,0.0,0.0,0.0,0.0,0.0,0.0,0.0,0.0,0.0
707,DHL,2023-11-19,2023-11-17,On Time,0.0,0.0,0.0,0.0,0.0,0.0,0.0,0.0,0.0,0.0
708,FedEx,2023-11-24,2023-11-24,Early,0.0,0.0,0.0,0.0,0.0,0.0,0.0,0.0,0.0,0.0
709,DHL,2023-11-20,2023-11-19,Delayed,0.0,0.0,0.0,0.0,0.0,0.0,0.0,0.0,0.0,0.0
710,DHL,2023-11-29,2023-11-28,On Time,0.0,0.0,0.0,0.0,0.0,0.0,0.0,0.0,0.0,0.0
711,USPS,2023-11-26,2023-11-27,Early,0.0,0.0,0.0,0.0,0.0,0.0,0.0,0.0,0.0,0.0
712,DHL,2023-11-27,2023-11-25,On Time,0.0,0.0,0.0,0.0,0.0,0.0,0.0,0.0,0.0,0.0
713,USPS,2023-11-24,2023-11-25,Early,0.0,0.0,0.0,0.0,0.0,0.0,0.0,0.0,0.0,0.0
714,UPS,2023-12-02,2023-12-03,Delayed,0.0,0.0,0.0,0.0,0.0,0.0,0.0,0.0,0.0,0.0
715,USPS,2023-11-26,2023-11-28,On Time,0.0,0.0,0.0,0.0,0.0,0.0,0.0,0.0,0.0,0.0
716,USPS,2023-12-02,2023-12-02,Delayed,0.0,0.0,0.0,0.0,0.0,0.0,0.0,0.0,0.0,0.0
717,USPS,2023-12-06,2023-12-06,Early,0.0,0.0,0.0,0.0,0.0,0.0,0.0,0.0,0.0,0.0
718,USPS,2023-12-07,2023-12-05,Delayed,0.0,0.0,0.0,0.0,0.0,0.0,0.0,0.0,0.0,0.0
719,UPS,2023-12-07,2023-12-08,On Time,0.0,0.0,0.0,0.0,0.0,0.0,0.0,0.0,0.0,0.0
720,UPS,2023-12-11,2023-12-12,On Time,0.0,0.0,0.0,0.0,0.0,0.0,0.0,0.0,0.0,0.0
721,UPS,2023-12-09,2023-12-08,Early,0.0,0.0,0.0,0.0,0.0,0.0,0.0,0.0,0.0,0.0
722,DHL,2023-12-08,2023-12-08,On Time,0.0,0.0,0.0,0.0,0.0,0.0,0.0,0.0,0.0,0.0
723,DHL,2023-12-12,2023-12-11,Early,0.0,0.0,0.0,0.0,0.0,0.0,0.0,0.0,0.0,0.0
724,USPS,2023-12-13,2023-12-11,Delayed,0.0,0.0,0.0,0.0,0.0,0.0,0.0,0.0,0.0,0.0
725,USPS,2023-12-07,2023-12-08,Delayed,0.0,0.0,0.0,0.0,0.0,0.0,0.0,0.0,0.0,0.0
726,DHL,2023-12-12,2023-12-13,Delayed,0.0,0.0,0.0,0.0,0.0,0.0,0.0,0.0,0.0,0.0
727,USPS,2023-12-11,2023-12-11,Early,0.0,0.0,0.0,0.0,0.0,0.0,0.0,0.0,0.0,0.0
728,UPS,2023-12-15,2023-12-16,Delayed,0.0,0.0,0.0,0.0,0.0,0.0,0.0,0.0,0.0,0.0
729,FedEx,2023-12-15,2023-12-17,Early,0.0,0.0,0.0,0.0,0.0,0.0,0.0,0.0,0.0,0.0
730,USPS,2023-12-21,2023-12-21,Delayed,0.0,0.0,0.0,0.0,0.0,0.0,0.0,0.0,0.0,0.0
731,FedEx,2023-12-22,2023-12-22,Delayed,0.0,0.0,0.0,0.0,0.0,0.0,0.0,0.0,0.0,0.0
732,UPS,2023-12-16,2023-12-18,On Time,0.0,0.0,0.0,0.0,0.0,0.0,0.0,0.0,0.0,0.0
733,USPS,2023-12-27,2023-12-25,Delayed,0.0,0.0,0.0,0.0,0.0,0.0,0.0,0.0,0.0,0.0
734,UPS,2023-12-16,2023-12-15,Delayed,0.0,0.0,0.0,0.0,0.0,0.0,0.0,0.0,0.0,0.0
735,UPS,2023-12-20,2023-12-20,Early,0.0,0.0,0.0,0.0,0.0,0.0,0.0,0.0,0.0,0.0
736,UPS,2023-12-25,2023-12-24,On Time,0.0,0.0,0.0,0.0,0.0,0.0,0.0,0.0,0.0,0.0
737,DHL,2023-12-20,2023-12-20,Early,0.0,0.0,0.0,0.0,0.0,0.0,0.0,0.0,0.0,0.0
738,USPS,2023-12-26,2023-12-27,Delayed,0.0,0.0,0.0,0.0,0.0,0.0,0.0,0.0,0.0,0.0
739,UPS,2023-12-25,2023-12-26,Delayed,0.0,0.0,0.0,0.0,0.0,0.0,0.0,0.0,0.0,0.0
740,DHL,2023-12-29,2023-12-31,On Time,0.0,0.0,0.0,0.0,0.0,0.0,0.0,0.0,0.0,0.0
741,USPS,2023-12-30,2023-12-30,Delayed,0.0,0.0,0.0,0.0,0.0,0.0,0.0,0.0,0.0,0.0
742,UPS,2024-01-01,2024-01-02,Early,0.0,0.0,0.0,0.0,0.0,0.0,0.0,0.0,0.0,0.0
743,USPS,2024-01-03,2024-01-03,Early,0.0,0.0,0.0,0.0,0.0,0.0,0.0,0.0,0.0,0.0
744,DHL,2024-01-04,2024-01-03,On Time,0.0,0.0,0.0,0.0,0.0,0.0,0.0,0.0,0.0,0.0
745,DHL,2024-01-05,2024-01-07,Delayed,0.0,0.0,0.0,0.0,0.0,0.0,0.0,0.0,0.0,0.0
746,USPS,2024-01-05,2024-01-05,On Time,0.0,0.0,0.0,0.0,0.0,0.0,0.0,0.0,0.0,0.0
747,USPS,2024-01-10,2024-01-10,Delayed,0.0,0.0,0.0,0.0,0.0,0.0,0.0,0.0,0.0,0.0
748,DHL,2024-01-11,2024-01-10,Delayed,0.0,0.0,0.0,0.0,0.0,0.0,0.0,0.0,0.0,0.0
749,UPS,2024-01-14,2024-01-13,Delayed,0.0,0.0,0.0,0.0,0.0,0.0,0.0,0.0,0.0,0.0
750,DHL,2024-01-11,2024-01-13,Early,0.0,0.0,0.0,0.0,0.0,0.0,0.0,0.0,0.0,0.0
751,UPS,2024-01-15,2024-01-17,On Time,0.0,0.0,0.0,0.0,0.0,0.0,0.0,0.0,0.0,0.0
752,DHL,2024-01-13,2024-01-11,Early,0.0,0.0,0.0,0.0,0.0,0.0,0.0,0.0,0.0,0.0
753,DHL,2024-01-15,2024-01-13,Early,0.0,0.0,0.0,0.0,0.0,0.0,0.0,0.0,0.0,0.0
754,UPS,2024-01-09,2024-01-11,Early,0.0,0.0,0.0,0.0,0.0,0.0,0.0,0.0,0.0,0.0
755,FedEx,2024-01-22,2024-01-22,On Time,0.0,0.0,0.0,0.0,0.0,0.0,0.0,0.0,0.0,0.0
756,UPS,2024-01-18,2024-01-20,Early,0.0,0.0,0.0,0.0,0.0,0.0,0.0,0.0,0.0,0.0
757,FedEx,2024-01-18,2024-01-16,Early,0.0,0.0,0.0,0.0,0.0,0.0,0.0,0.0,0.0,0.0
758,UPS,2024-01-22,2024-01-22,Delayed,0.0,0.0,0.0,0.0,0.0,0.0,0.0,0.0,0.0,0.0
759,DHL,2024-01-18,2024-01-19,Delayed,0.0,0.0,0.0,0.0,0.0,0.0,0.0,0.0,0.0,0.0
760,UPS,2024-02-02,2024-02-01,Early,0.0,0.0,0.0,0.0,0.0,0.0,0.0,0.0,0.0,0.0
761,FedEx,2024-01-29,2024-01-29,On Time,0.0,0.0,0.0,0.0,0.0,0.0,0.0,0.0,0.0,0.0
762,DHL,2024-02-05,2024-02-07,Early,0.0,0.0,0.0,0.0,0.0,0.0,0.0,0.0,0.0,0.0
763,UPS,2024-02-01,2024-01-31,On Time,0.0,0.0,0.0,0.0,0.0,0.0,0.0,0.0,0.0,0.0
764,UPS,2024-02-01,2024-01-31,Delayed,0.0,0.0,0.0,0.0,0.0,0.0,0.0,0.0,0.0,0.0
765,DHL,2024-01-29,2024-01-30,On Time,0.0,0.0,0.0,0.0,0.0,0.0,0.0,0.0,0.0,0.0
766,FedEx,2024-02-01,2024-02-02,Early,0.0,0.0,0.0,0.0,0.0,0.0,0.0,0.0,0.0,0.0
767,UPS,2024-02-05,2024-02-06,Delayed,0.0,0.0,0.0,0.0,0.0,0.0,0.0,0.0,0.0,0.0
768,FedEx,2024-02-03,2024-02-03,On Time,0.0,0.0,0.0,0.0,0.0,0.0,0.0,0.0,0.0,0.0
769,UPS,2024-02-08,2024-02-07,Early,0.0,0.0,0.0,0.0,0.0,0.0,0.0,0.0,0.0,0.0
770,UPS,2024-02-11,2024-02-12,Early,0.0,0.0,0.0,0.0,0.0,0.0,0.0,0.0,0.0,0.0
771,USPS,2024-02-06,2024-02-06,On Time,0.0,0.0,0.0,0.0,0.0,0.0,0.0,0.0,0.0,0.0
772,USPS,2024-02-15,2024-02-14,On Time,0.0,0.0,0.0,0.0,0.0,0.0,0.0,0.0,0.0,0.0
773,UPS,2024-02-11,2024-02-13,On Time,0.0,0.0,0.0,0.0,0.0,0.0,0.0,0.0,0.0,0.0
774,USPS,2024-02-10,2024-02-12,Early,0.0,0.0,0.0,0.0,0.0,0.0,0.0,0.0,0.0,0.0
775,FedEx,2024-02-17,2024-02-15,Delayed,0.0,0.0,0.0,0.0,0.0,0.0,0.0,0.0,0.0,0.0
776,USPS,2024-02-12,2024-02-14,Delayed,0.0,0.0,0.0,0.0,0.0,0.0,0.0,0.0,0.0,0.0
777,DHL,2024-02-16,2024-02-14,Early,0.0,0.0,0.0,0.0,0.0,0.0,0.0,0.0,0.0,0.0
778,USPS,2024-02-16,2024-02-18,On Time,0.0,0.0,0.0,0.0,0.0,0.0,0.0,0.0,0.0,0.0
779,UPS,2024-02-21,2024-02-21,Early,0.0,0.0,0.0,0.0,0.0,0.0,0.0,0.0,0.0,0.0
780,DHL,2024-02-25,2024-02-26,Early,0.0,0.0,0.0,0.0,0.0,0.0,0.0,0.0,0.0,0.0
781,UPS,2024-02-21,2024-02-22,Early,0.0,0.0,0.0,0.0,0.0,0.0,0.0,0.0,0.0,0.0
782,USPS,2024-02-22,2024-02-24,Early,0.0,0.0,0.0,0.0,0.0,0.0,0.0,0.0,0.0,0.0
783,UPS,2024-02-29,2024-02-28,Delayed,0.0,0.0,0.0,0.0,0.0,0.0,0.0,0.0,0.0,0.0
784,USPS,2024-02-21,2024-02-22,On Time,0.0,0.0,0.0,0.0,0.0,0.0,0.0,0.0,0.0,0.0
785,FedEx,2024-02-29,2024-02-29,Early,0.0,0.0,0.0,0.0,0.0,0.0,0.0,0.0,0.0,0.0
786,DHL,2024-02-26,2024-02-28,Early,0.0,0.0,0.0,0.0,0.0,0.0,0.0,0.0,0.0,0.0
787,DHL,2024-02-27,2024-02-29,On Time,0.0,0.0,0.0,0.0,0.0,0.0,0.0,0.0,0.0,0.0
788,FedEx,2024-03-03,2024-03-03,On Time,0.0,0.0,0.0,0.0,0.0,0.0,0.0,0.0,0.0,0.0
789,DHL,2024-03-01,2024-02-29,Early,0.0,0.0,0.0,0.0,0.0,0.0,0.0,0.0,0.0,0.0
790,UPS,2024-03-03,2024-03-03,Early,0.0,0.0,0.0,0.0,0.0,0.0,0.0,0.0,0.0,0.0
791,UPS,2024-03-05,2024-03-06,On Time,0.0,0.0,0.0,0.0,0.0,0.0,0.0,0.0,0.0,0.0
792,USPS,2024-03-05,2024-03-07,On Time,0.0,0.0,0.0,0.0,0.0,0.0,0.0,0.0,0.0,0.0
793,DHL,2024-03-11,2024-03-11,Delayed,0.0,0.0,0.0,0.0,0.0,0.0,0.0,0.0,0.0,0.0
794,DHL,2024-03-10,2024-03-10,Early,0.0,0.0,0.0,0.0,0.0,0.0,0.0,0.0,0.0,0.0
795,DHL,2024-03-03,2024-03-04,On Time,0.0,0.0,0.0,0.0,0.0,0.0,0.0,0.0,0.0,0.0
796,FedEx,2024-03-05,2024-03-05,On Time,0.0,0.0,0.0,0.0,0.0,0.0,0.0,0.0,0.0,0.0
797,USPS,2024-03-14,2024-03-15,Delayed,0.0,0.0,0.0,0.0,0.0,0.0,0.0,0.0,0.0,0.0
798,DHL,2024-03-12,2024-03-13,Delayed,0.0,0.0,0.0,0.0,0.0,0.0,0.0,0.0,0.0,0.0
799,DHL,2024-03-11,2024-03-11,On Time,0.0,0.0,0.0,0.0,0.0,0.0,0.0,0.0,0.0,0.0
800,UPS,2024-03-25,2024-03-24,Early,0.0,0.0,0.0,0.0,0.0,0.0,0.0,0.0,0.0,0.0
801,FedEx,2024-03-22,2024-03-22,Early,0.0,0.0,0.0,0.0,0.0,0.0,0.0,0.0,0.0,0.0
802,DHL,2024-03-21,2024-03-22,Early,0.0,0.0,0.0,0.0,0.0,0.0,0.0,0.0,0.0,0.0
803,DHL,2024-03-24,2024-03-24,Delayed,0.0,0.0,0.0,0.0,0.0,0.0,0.0,0.0,0.0,0.0
804,FedEx,2024-03-22,2024-03-22,On Time,0.0,0.0,0.0,0.0,0.0,0.0,0.0,0.0,0.0,0.0
805,UPS,2024-03-24,2024-03-25,On Time,0.0,0.0,0.0,0.0,0.0,0.0,0.0,0.0,0.0,0.0
806,FedEx,2024-03-22,2024-03-24,Delayed,0.0,0.0,0.0,0.0,0.0,0.0,0.0,0.0,0.0,0.0
807,USPS,2024-03-25,2024-03-27,Early,0.0,0.0,0.0,0.0,0.0,0.0,0.0,0.0,0.0,0.0
808,UPS,2024-03-30,2024-03-31,On Time,0.0,0.0,0.0,0.0,0.0,0.0,0.0,0.0,0.0,0.0
809,DHL,2024-04-04,2024-04-04,Early,0.0,0.0,0.0,0.0,0.0,0.0,0.0,0.0,0.0,0.0
810,DHL,2024-03-31,2024-04-01,On Time,0.0,0.0,0.0,0.0,0.0,0.0,0.0,0.0,0.0,0.0
811,USPS,2024-03-30,2024-03-31,Delayed,0.0,0.0,0.0,0.0,0.0,0.0,0.0,0.0,0.0,0.0
812,FedEx,2024-04-08,2024-04-09,Delayed,0.0,0.0,0.0,0.0,0.0,0.0,0.0,0.0,0.0,0.0
813,FedEx,2024-04-08,2024-04-08,Delayed,0.0,0.0,0.0,0.0,0.0,0.0,0.0,0.0,0.0,0.0
814,FedEx,2024-04-07,2024-04-07,On Time,0.0,0.0,0.0,0.0,0.0,0.0,0.0,0.0,0.0,0.0
815,FedEx,2024-04-14,2024-04-14,Delayed,0.0,0.0,0.0,0.0,0.0,0.0,0.0,0.0,0.0,0.0
816,DHL,2024-04-12,2024-04-12,Early,0.0,0.0,0.0,0.0,0.0,0.0,0.0,0.0,0.0,0.0
817,UPS,2024-04-17,2024-04-16,Delayed,0.0,0.0,0.0,0.0,0.0,0.0,0.0,0.0,0.0,0.0
818,DHL,2024-04-13,2024-04-12,On Time,0.0,0.0,0.0,0.0,0.0,0.0,0.0,0.0,0.0,0.0
819,UPS,2024-04-11,2024-04-13,Delayed,0.0,0.0,0.0,0.0,0.0,0.0,0.0,0.0,0.0,0.0
820,UPS,2024-04-15,2024-04-15,On Time,0.0,0.0,0.0,0.0,0.0,0.0,0.0,0.0,0.0,0.0
821,UPS,2024-04-23,2024-04-23,Early,0.0,0.0,0.0,0.0,0.0,0.0,0.0,0.0,0.0,0.0
822,DHL,2024-04-22,2024-04-22,On Time,0.0,0.0,0.0,0.0,0.0,0.0,0.0,0.0,0.0,0.0
823,USPS,2024-04-21,2024-04-21,Delayed,0.0,0.0,0.0,0.0,0.0,0.0,0.0,0.0,0.0,0.0
824,USPS,2024-04-25,2024-04-27,Delayed,0.0,0.0,0.0,0.0,0.0,0.0,0.0,0.0,0.0,0.0
825,UPS,2024-04-26,2024-04-25,Early,0.0,0.0,0.0,0.0,0.0,0.0,0.0,0.0,0.0,0.0
826,DHL,2024-04-28,2024-04-28,Delayed,0.0,0.0,0.0,0.0,0.0,0.0,0.0,0.0,0.0,0.0
827,USPS,2024-05-01,2024-04-30,Early,0.0,0.0,0.0,0.0,0.0,0.0,0.0,0.0,0.0,0.0
828,USPS,2024-05-05,2024-05-05,Early,0.0,0.0,0.0,0.0,0.0,0.0,0.0,0.0,0.0,0.0
829,DHL,2024-05-08,2024-05-07,On Time,0.0,0.0,0.0,0.0,0.0,0.0,0.0,0.0,0.0,0.0
830,FedEx,2024-05-04,2024-05-05,Delayed,0.0,0.0,0.0,0.0,0.0,0.0,0.0,0.0,0.0,0.0
831,USPS,2024-05-06,2024-05-06,On Time,0.0,0.0,0.0,0.0,0.0,0.0,0.0,0.0,0.0,0.0
832,USPS,2024-05-07,2024-05-07,Early,0.0,0.0,0.0,0.0,0.0,0.0,0.0,0.0,0.0,0.0
833,DHL,2024-05-11,2024-05-13,Early,0.0,0.0,0.0,0.0,0.0,0.0,0.0,0.0,0.0,0.0
834,DHL,2024-05-03,2024-05-04,Early,0.0,0.0,0.0,0.0,0.0,0.0,0.0,0.0,0.0,0.0
835,DHL,2024-05-13,2024-05-14,On Time,0.0,0.0,0.0,0.0,0.0,0.0,0.0,0.0,0.0,0.0
836,USPS,2024-05-11,2024-05-10,On Time,0.0,0.0,0.0,0.0,0.0,0.0,0.0,0.0,0.0,0.0
837,DHL,2024-05-10,2024-05-10,Early,0.0,0.0,0.0,0.0,0.0,0.0,0.0,0.0,0.0,0.0
838,UPS,2024-05-08,2024-05-10,Delayed,0.0,0.0,0.0,0.0,0.0,0.0,0.0,0.0,0.0,0.0
839,UPS,2024-05-12,2024-05-12,Delayed,0.0,0.0,0.0,0.0,0.0,0.0,0.0,0.0,0.0,0.0
840,DHL,2024-05-11,2024-05-12,Delayed,0.0,0.0,0.0,0.0,0.0,0.0,0.0,0.0,0.0,0.0
841,USPS,2024-05-21,2024-05-20,Early,0.0,0.0,0.0,0.0,0.0,0.0,0.0,0.0,0.0,0.0
842,USPS,2024-05-15,2024-05-15,Early,0.0,0.0,0.0,0.0,0.0,0.0,0.0,0.0,0.0,0.0
843,USPS,2024-05-20,2024-05-19,Delayed,0.0,0.0,0.0,0.0,0.0,0.0,0.0,0.0,0.0,0.0
844,DHL,2024-05-17,2024-05-18,On Time,0.0,0.0,0.0,0.0,0.0,0.0,0.0,0.0,0.0,0.0
845,FedEx,2024-05-24,2024-05-24,Delayed,0.0,0.0,0.0,0.0,0.0,0.0,0.0,0.0,0.0,0.0
846,UPS,2024-05-31,2024-05-30,On Time,0.0,0.0,0.0,0.0,0.0,0.0,0.0,0.0,0.0,0.0
847,DHL,2024-06-01,2024-06-03,Delayed,0.0,0.0,0.0,0.0,0.0,0.0,0.0,0.0,0.0,0.0
848,FedEx,2024-06-06,2024-06-05,Early,0.0,0.0,0.0,0.0,0.0,0.0,0.0,0.0,0.0,0.0
849,FedEx,2024-05-30,2024-05-31,Delayed,0.0,0.0,0.0,0.0,0.0,0.0,0.0,0.0,0.0,0.0
850,DHL,2024-06-04,2024-06-02,On Time,0.0,0.0,0.0,0.0,0.0,0.0,0.0,0.0,0.0,0.0
851,FedEx,2024-05-31,2024-06-01,On Time,0.0,0.0,0.0,0.0,0.0,0.0,0.0,0.0,0.0,0.0
852,FedEx,2024-06-08,2024-06-08,Delayed,0.0,0.0,0.0,0.0,0.0,0.0,0.0,0.0,0.0,0.0
853,FedEx,2024-06-04,2024-06-04,Early,0.0,0.0,0.0,0.0,0.0,0.0,0.0,0.0,0.0,0.0
854,UPS,2024-06-04,2024-06-03,Early,0.0,0.0,0.0,0.0,0.0,0.0,0.0,0.0,0.0,0.0
855,FedEx,2024-06-05,2024-06-07,On Time,0.0,0.0,0.0,0.0,0.0,0.0,0.0,0.0,0.0,0.0
856,FedEx,2024-06-11,2024-06-11,Early,0.0,0.0,0.0,0.0,0.0,0.0,0.0,0.0,0.0,0.0
857,DHL,2024-06-08,2024-06-09,Delayed,0.0,0.0,0.0,0.0,0.0,0.0,0.0,0.0,0.0,0.0
858,DHL,2024-06-08,2024-06-09,On Time,0.0,0.0,0.0,0.0,0.0,0.0,0.0,0.0,0.0,0.0
859,UPS,2024-06-04,2024-06-05,On Time,0.0,0.0,0.0,0.0,0.0,0.0,0.0,0.0,0.0,0.0
860,DHL,2024-06-06,2024-06-08,Delayed,0.0,0.0,0.0,0.0,0.0,0.0,0.0,0.0,0.0,0.0
861,UPS,2024-06-14,2024-06-16,Delayed,0.0,0.0,0.0,0.0,0.0,0.0,0.0,0.0,0.0,0.0
862,FedEx,2024-06-18,2024-06-16,Delayed,0.0,0.0,0.0,0.0,0.0,0.0,0.0,0.0,0.0,0.0
863,FedEx,2024-06-12,2024-06-12,Early,0.0,0.0,0.0,0.0,0.0,0.0,0.0,0.0,0.0,0.0
864,FedEx,2024-06-14,2024-06-14,Early,0.0,0.0,0.0,0.0,0.0,0.0,0.0,0.0,0.0,0.0
865,DHL,2024-06-16,2024-06-18,Early,0.0,0.0,0.0,0.0,0.0,0.0,0.0,0.0,0.0,0.0
866,UPS,2024-06-14,2024-06-13,Delayed,0.0,0.0,0.0,0.0,0.0,0.0,0.0,0.0,0.0,0.0
867,DHL,2024-06-12,2024-06-11,Early,0.0,0.0,0.0,0.0,0.0,0.0,0.0,0.0,0.0,0.0
868,DHL,2024-06-19,2024-06-18,Early,0.0,0.0,0.0,0.0,0.0,0.0,0.0,0.0,0.0,0.0
869,UPS,2024-06-22,2024-06-21,Delayed,0.0,0.0,0.0,0.0,0.0,0.0,0.0,0.0,0.0,0.0
870,USPS,2024-06-15,2024-06-15,Delayed,0.0,0.0,0.0,0.0,0.0,0.0,0.0,0.0,0.0,0.0
871,USPS,2024-06-22,2024-06-22,On Time,0.0,0.0,0.0,0.0,0.0,0.0,0.0,0.0,0.0,0.0
872,USPS,2024-06-18,2024-06-18,Delayed,0.0,0.0,0.0,0.0,0.0,0.0,0.0,0.0,0.0,0.0
873,UPS,2024-06-25,2024-06-26,Delayed,0.0,0.0,0.0,0.0,0.0,0.0,0.0,0.0,0.0,0.0
874,FedEx,2024-07-01,2024-06-30,Early,0.0,0.0,0.0,0.0,0.0,0.0,0.0,0.0,0.0,0.0
875,DHL,2024-06-24,2024-06-25,On Time,0.0,0.0,0.0,0.0,0.0,0.0,0.0,0.0,0.0,0.0
876,DHL,2024-06-24,2024-06-25,Early,0.0,0.0,0.0,0.0,0.0,0.0,0.0,0.0,0.0,0.0
877,USPS,2024-06-25,2024-06-26,On Time,0.0,0.0,0.0,0.0,0.0,0.0,0.0,0.0,0.0,0.0
878,FedEx,2024-07-08,2024-07-09,Delayed,0.0,0.0,0.0,0.0,0.0,0.0,0.0,0.0,0.0,0.0
879,UPS,2024-07-06,2024-07-07,On Time,0.0,0.0,0.0,0.0,0.0,0.0,0.0,0.0,0.0,0.0
880,DHL,2024-07-07,2024-07-07,Delayed,0.0,0.0,0.0,0.0,0.0,0.0,0.0,0.0,0.0,0.0
881,FedEx,2024-07-05,2024-07-06,On Time,0.0,0.0,0.0,0.0,0.0,0.0,0.0,0.0,0.0,0.0
882,DHL,2024-07-13,2024-07-11,Early,0.0,0.0,0.0,0.0,0.0,0.0,0.0,0.0,0.0,0.0
883,DHL,2024-07-09,2024-07-08,On Time,0.0,0.0,0.0,0.0,0.0,0.0,0.0,0.0,0.0,0.0
884,DHL,2024-07-04,2024-07-05,On Time,0.0,0.0,0.0,0.0,0.0,0.0,0.0,0.0,0.0,0.0
885,UPS,2024-07-11,2024-07-12,Delayed,0.0,0.0,0.0,0.0,0.0,0.0,0.0,0.0,0.0,0.0
886,UPS,2024-07-08,2024-07-09,Early,0.0,0.0,0.0,0.0,0.0,0.0,0.0,0.0,0.0,0.0
887,DHL,2024-07-06,2024-07-07,Early,0.0,0.0,0.0,0.0,0.0,0.0,0.0,0.0,0.0,0.0
888,UPS,2024-07-16,2024-07-14,Delayed,0.0,0.0,0.0,0.0,0.0,0.0,0.0,0.0,0.0,0.0
889,FedEx,2024-07-16,2024-07-15,Delayed,0.0,0.0,0.0,0.0,0.0,0.0,0.0,0.0,0.0,0.0
890,FedEx,2024-07-25,2024-07-23,Early,0.0,0.0,0.0,0.0,0.0,0.0,0.0,0.0,0.0,0.0
891,DHL,2024-07-22,2024-07-20,On Time,0.0,0.0,0.0,0.0,0.0,0.0,0.0,0.0,0.0,0.0
892,USPS,2024-07-27,2024-07-27,Early,0.0,0.0,0.0,0.0,0.0,0.0,0.0,0.0,0.0,0.0
893,FedEx,2024-07-30,2024-07-29,Early,0.0,0.0,0.0,0.0,0.0,0.0,0.0,0.0,0.0,0.0
894,UPS,2024-07-30,2024-07-29,Early,0.0,0.0,0.0,0.0,0.0,0.0,0.0,0.0,0.0,0.0
895,UPS,2024-08-02,2024-07-31,Delayed,0.0,0.0,0.0,0.0,0.0,0.0,0.0,0.0,0.0,0.0
896,FedEx,2024-07-26,2024-07-26,Delayed,0.0,0.0,0.0,0.0,0.0,0.0,0.0,0.0,0.0,0.0
897,USPS,2024-07-27,2024-07-26,On Time,0.0,0.0,0.0,0.0,0.0,0.0,0.0,0.0,0.0,0.0
898,DHL,2024-07-25,2024-07-26,On Time,0.0,0.0,0.0,0.0,0.0,0.0,0.0,0.0,0.0,0.0
899,FedEx,2024-08-04,2024-08-03,Early,0.0,0.0,0.0,0.0,0.0,0.0,0.0,0.0,0.0,0.0
900,UPS,2024-08-04,2024-08-02,Delayed,0.0,0.0,0.0,0.0,0.0,0.0,0.0,0.0,0.0,0.0
901,USPS,2024-07-30,2024-07-29,Early,0.0,0.0,0.0,0.0,0.0,0.0,0.0,0.0,0.0,0.0
902,DHL,2024-08-08,2024-08-06,Delayed,0.0,0.0,0.0,0.0,0.0,0.0,0.0,0.0,0.0,0.0
903,UPS,2024-08-06,2024-08-05,Early,0.0,0.0,0.0,0.0,0.0,0.0,0.0,0.0,0.0,0.0
904,DHL,2024-08-11,2024-08-10,On Time,0.0,0.0,0.0,0.0,0.0,0.0,0.0,0.0,0.0,0.0
905,DHL,2024-08-08,2024-08-07,Early,0.0,0.0,0.0,0.0,0.0,0.0,0.0,0.0,0.0,0.0
906,USPS,2024-08-13,2024-08-11,Delayed,0.0,0.0,0.0,0.0,0.0,0.0,0.0,0.0,0.0,0.0
907,DHL,2024-08-14,2024-08-13,Delayed,0.0,0.0,0.0,0.0,0.0,0.0,0.0,0.0,0.0,0.0
908,UPS,2024-08-15,2024-08-13,Early,0.0,0.0,0.0,0.0,0.0,0.0,0.0,0.0,0.0,0.0
909,DHL,2024-08-16,2024-08-14,On Time,0.0,0.0,0.0,0.0,0.0,0.0,0.0,0.0,0.0,0.0
910,DHL,2024-08-23,2024-08-21,Early,0.0,0.0,0.0,0.0,0.0,0.0,0.0,0.0,0.0,0.0
911,FedEx,2024-08-26,2024-08-28,Early,0.0,0.0,0.0,0.0,0.0,0.0,0.0,0.0,0.0,0.0
912,FedEx,2024-08-20,2024-08-20,Delayed,0.0,0.0,0.0,0.0,0.0,0.0,0.0,0.0,0.0,0.0
913,UPS,2024-08-25,2024-08-27,Delayed,0.0,0.0,0.0,0.0,0.0,0.0,0.0,0.0,0.0,0.0
914,DHL,2024-08-29,2024-08-30,On Time,0.0,0.0,0.0,0.0,0.0,0.0,0.0,0.0,0.0,0.0
915,FedEx,2024-08-27,2024-08-28,Early,0.0,0.0,0.0,0.0,0.0,0.0,0.0,0.0,0.0,0.0
916,UPS,2024-09-02,2024-08-31,On Time,0.0,0.0,0.0,0.0,0.0,0.0,0.0,0.0,0.0,0.0
917,DHL,2024-08-29,2024-08-30,Early,0.0,0.0,0.0,0.0,0.0,0.0,0.0,0.0,0.0,0.0
918,UPS,2024-08-26,2024-08-24,On Time,0.0,0.0,0.0,0.0,0.0,0.0,0.0,0.0,0.0,0.0
919,DHL,2024-09-05,2024-09-03,Early,0.0,0.0,0.0,0.0,0.0,0.0,0.0,0.0,0.0,0.0
920,USPS,2024-09-03,2024-09-02,On Time,0.0,0.0,0.0,0.0,0.0,0.0,0.0,0.0,0.0,0.0
921,FedEx,2024-09-04,2024-09-03,Early,0.0,0.0,0.0,0.0,0.0,0.0,0.0,0.0,0.0,0.0
922,USPS,2024-09-08,2024-09-07,Delayed,0.0,0.0,0.0,0.0,0.0,0.0,0.0,0.0,0.0,0.0
923,DHL,2024-09-08,2024-09-08,Early,0.0,0.0,0.0,0.0,0.0,0.0,0.0,0.0,0.0,0.0
924,USPS,2024-09-09,2024-09-09,Early,0.0,0.0,0.0,0.0,0.0,0.0,0.0,0.0,0.0,0.0
925,USPS,2024-09-16,2024-09-15,Delayed,0.0,0.0,0.0,0.0,0.0,0.0,0.0,0.0,0.0,0.0
926,FedEx,2024-09-18,2024-09-18,Early,0.0,0.0,0.0,0.0,0.0,0.0,0.0,0.0,0.0,0.0
927,USPS,2024-09-16,2024-09-17,On Time,0.0,0.0,0.0,0.0,0.0,0.0,0.0,0.0,0.0,0.0
928,DHL,2024-09-16,2024-09-17,Early,0.0,0.0,0.0,0.0,0.0,0.0,0.0,0.0,0.0,0.0
929,DHL,2024-09-16,2024-09-16,On Time,0.0,0.0,0.0,0.0,0.0,0.0,0.0,0.0,0.0,0.0
930,USPS,2024-09-22,2024-09-22,Delayed,0.0,0.0,0.0,0.0,0.0,0.0,0.0,0.0,0.0,0.0
931,FedEx,2024-09-19,2024-09-20,On Time,0.0,0.0,0.0,0.0,0.0,0.0,0.0,0.0,0.0,0.0
932,FedEx,2024-09-25,2024-09-23,Delayed,0.0,0.0,0.0,0.0,0.0,0.0,0.0,0.0,0.0,0.0
933,USPS,2024-09-24,2024-09-23,On Time,0.0,0.0,0.0,0.0,0.0,0.0,0.0,0.0,0.0,0.0
934,USPS,2024-09-29,2024-10-01,Early,0.0,0.0,0.0,0.0,0.0,0.0,0.0,0.0,0.0,0.0
935,USPS,2024-10-05,2024-10-05,On Time,0.0,0.0,0.0,0.0,0.0,0.0,0.0,0.0,0.0,0.0
936,UPS,2024-10-01,2024-10-01,Delayed,0.0,0.0,0.0,0.0,0.0,0.0,0.0,0.0,0.0,0.0
937,USPS,2024-10-03,2024-10-05,Early,0.0,0.0,0.0,0.0,0.0,0.0,0.0,0.0,0.0,0.0
938,FedEx,2024-10-04,2024-10-02,Early,0.0,0.0,0.0,0.0,0.0,0.0,0.0,0.0,0.0,0.0
939,DHL,2024-09-30,2024-10-01,Delayed,0.0,0.0,0.0,0.0,0.0,0.0,0.0,0.0,0.0,0.0
940,USPS,2024-10-04,2024-10-05,Delayed,0.0,0.0,0.0,0.0,0.0,0.0,0.0,0.0,0.0,0.0
941,UPS,2024-10-09,2024-10-08,On Time,0.0,0.0,0.0,0.0,0.0,0.0,0.0,0.0,0.0,0.0
942,UPS,2024-10-12,2024-10-11,Delayed,0.0,0.0,0.0,0.0,0.0,0.0,0.0,0.0,0.0,0.0
943,UPS,2024-10-09,2024-10-08,Early,0.0,0.0,0.0,0.0,0.0,0.0,0.0,0.0,0.0,0.0
944,UPS,2024-10-08,2024-10-06,Delayed,0.0,0.0,0.0,0.0,0.0,0.0,0.0,0.0,0.0,0.0
945,FedEx,2024-10-08,2024-10-06,On Time,0.0,0.0,0.0,0.0,0.0,0.0,0.0,0.0,0.0,0.0
946,DHL,2024-10-16,2024-10-15,On Time,0.0,0.0,0.0,0.0,0.0,0.0,0.0,0.0,0.0,0.0
947,USPS,2024-10-15,2024-10-13,On Time,0.0,0.0,0.0,0.0,0.0,0.0,0.0,0.0,0.0,0.0
948,USPS,2024-10-09,2024-10-10,On Time,0.0,0.0,0.0,0.0,0.0,0.0,0.0,0.0,0.0,0.0
949,DHL,2024-10-17,2024-10-17,On Time,0.0,0.0,0.0,0.0,0.0,0.0,0.0,0.0,0.0,0.0
950,USPS,2024-10-14,2024-10-14,On Time,0.0,0.0,0.0,0.0,0.0,0.0,0.0,0.0,0.0,0.0
951,USPS,2024-10-15,2024-10-14,Delayed,0.0,0.0,0.0,0.0,0.0,0.0,0.0,0.0,0.0,0.0
952,UPS,2024-10-20,2024-10-18,On Time,0.0,0.0,0.0,0.0,0.0,0.0,0.0,0.0,0.0,0.0
953,UPS,2024-10-20,2024-10-22,Delayed,0.0,0.0,0.0,0.0,0.0,0.0,0.0,0.0,0.0,0.0
954,FedEx,2024-10-30,2024-11-01,Delayed,0.0,0.0,0.0,0.0,0.0,0.0,0.0,0.0,0.0,0.0
955,DHL,2024-10-28,2024-10-29,Early,0.0,0.0,0.0,0.0,0.0,0.0,0.0,0.0,0.0,0.0
956,FedEx,2024-10-25,2024-10-24,Delayed,0.0,0.0,0.0,0.0,0.0,0.0,0.0,0.0,0.0,0.0
957,USPS,2024-11-01,2024-10-31,Delayed,0.0,0.0,0.0,0.0,0.0,0.0,0.0,0.0,0.0,0.0
958,UPS,2024-10-31,2024-10-30,Delayed,0.0,0.0,0.0,0.0,0.0,0.0,0.0,0.0,0.0,0.0
959,UPS,2024-11-04,2024-11-04,On Time,0.0,0.0,0.0,0.0,0.0,0.0,0.0,0.0,0.0,0.0
960,UPS,2024-10-29,2024-10-30,Delayed,0.0,0.0,0.0,0.0,0.0,0.0,0.0,0.0,0.0,0.0
961,DHL,2024-11-08,2024-11-06,Early,0.0,0.0,0.0,0.0,0.0,0.0,0.0,0.0,0.0,0.0
962,USPS,2024-11-06,2024-11-06,Delayed,0.0,0.0,0.0,0.0,0.0,0.0,0.0,0.0,0.0,0.0
963,DHL,2024-11-05,2024-11-07,On Time,0.0,0.0,0.0,0.0,0.0,0.0,0.0,0.0,0.0,0.0
964,UPS,2024-11-04,2024-11-02,Delayed,0.0,0.0,0.0,0.0,0.0,0.0,0.0,0.0,0.0,0.0
965,DHL,2024-11-03,2024-11-04,On Time,0.0,0.0,0.0,0.0,0.0,0.0,0.0,0.0,0.0,0.0
966,UPS,2024-11-10,2024-11-09,On Time,0.0,0.0,0.0,0.0,0.0,0.0,0.0,0.0,0.0,0.0
967,DHL,2024-11-07,2024-11-07,On Time,0.0,0.0,0.0,0.0,0.0,0.0,0.0,0.0,0.0,0.0
968,DHL,2024-11-04,2024-11-04,Delayed,0.0,0.0,0.0,0.0,0.0,0.0,0.0,0.0,0.0,0.0
969,UPS,2024-11-11,2024-11-11,Delayed,0.0,0.0,0.0,0.0,0.0,0.0,0.0,0.0,0.0,0.0
970,USPS,2024-11-13,2024-11-15,Delayed,0.0,0.0,0.0,0.0,0.0,0.0,0.0,0.0,0.0,0.0
971,USPS,2024-11-16,2024-11-15,Early,0.0,0.0,0.0,0.0,0.0,0.0,0.0,0.0,0.0,0.0
972,DHL,2024-11-13,2024-11-14,Early,0.0,0.0,0.0,0.0,0.0,0.0,0.0,0.0,0.0,0.0
973,UPS,2024-11-18,2024-11-19,On Time,0.0,0.0,0.0,0.0,0.0,0.0,0.0,0.0,0.0,0.0
974,FedEx,2024-11-17,2024-11-16,Early,0.0,0.0,0.0,0.0,0.0,0.0,0.0,0.0,0.0,0.0
975,DHL,2024-11-21,2024-11-21,Delayed,0.0,0.0,0.0,0.0,0.0,0.0,0.0,0.0,0.0,0.0
976,FedEx,2024-11-24,2024-11-22,Delayed,0.0,0.0,0.0,0.0,0.0,0.0,0.0,0.0,0.0,0.0
977,UPS,2024-11-19,2024-11-18,Delayed,0.0,0.0,0.0,0.0,0.0,0.0,0.0,0.0,0.0,0.0
978,USPS,2024-11-28,2024-11-26,Early,0.0,0.0,0.0,0.0,0.0,0.0,0.0,0.0,0.0,0.0
979,USPS,2024-11-24,2024-11-22,On Time,0.0,0.0,0.0,0.0,0.0,0.0,0.0,0.0,0.0,0.0
980,UPS,2024-11-26,2024-11-27,Early,0.0,0.0,0.0,0.0,0.0,0.0,0.0,0.0,0.0,0.0
981,DHL,2024-11-29,2024-11-30,On Time,0.0,0.0,0.0,0.0,0.0,0.0,0.0,0.0,0.0,0.0
982,USPS,2024-11-26,2024-11-26,Delayed,0.0,0.0,0.0,0.0,0.0,0.0,0.0,0.0,0.0,0.0
983,DHL,2024-11-28,2024-11-27,On Time,0.0,0.0,0.0,0.0,0.0,0.0,0.0,0.0,0.0,0.0
984,USPS,2024-11-25,2024-11-24,Early,0.0,0.0,0.0,0.0,0.0,0.0,0.0,0.0,0.0,0.0
985,USPS,2024-12-05,2024-12-04,Early,0.0,0.0,0.0,0.0,0.0,0.0,0.0,0.0,0.0,0.0
986,DHL,2024-12-06,2024-12-05,Early,0.0,0.0,0.0,0.0,0.0,0.0,0.0,0.0,0.0,0.0
987,UPS,2024-12-07,2024-12-06,Delayed,0.0,0.0,0.0,0.0,0.0,0.0,0.0,0.0,0.0,0.0
988,DHL,2024-12-04,2024-12-05,Delayed,0.0,0.0,0.0,0.0,0.0,0.0,0.0,0.0,0.0,0.0
989,FedEx,2024-12-08,2024-12-08,Early,0.0,0.0,0.0,0.0,0.0,0.0,0.0,0.0,0.0,0.0
990,USPS,2024-12-10,2024-12-10,Delayed,0.0,0.0,0.0,0.0,0.0,0.0,0.0,0.0,0.0,0.0
991,USPS,2024-12-14,2024-12-12,Early,0.0,0.0,0.0,0.0,0.0,0.0,0.0,0.0,0.0,0.0
